%time,field.ts,field.data0.task_name,field.data0.measure_tag,field.data0.data0,field.data0.data1,field.data0.data2,field.data0.data3,field.data0.data4,field.data0.data5,field.data0.data6,field.data0.data7,field.data0.data8,field.data0.data9,field.data0.data10,field.data0.data11,field.data0.data12,field.data0.data13,field.data0.data14,field.data0.data15,field.data0.data16,field.data0.data17
6745000000,6745000000,_qdot_,_qdot_,0.0,0.0,0.0,0.0,0.0,0.0,0.0,0.0,0.0,0.0,0.0,0.0,0.0,0.0,0.0,0.0,0.0,0.0
6765000000,6765000000,_qdot_,_qdot_,0.0,0.0,0.0,0.0,0.0,0.0,0.0,0.0,0.0,0.0,0.0,0.0,0.0,0.0,0.0,0.0,0.0,0.0
6786000000,6785000000,_qdot_,_qdot_,0.0,0.0,0.0,0.0,0.0,0.0,0.0,0.0,0.0,0.0,0.0,0.0,0.0,0.0,0.0,0.0,0.0,0.0
6805000000,6805000000,_qdot_,_qdot_,0.0,0.0,0.0,0.0,0.0,0.0,0.0,0.0,0.0,0.0,0.0,0.0,0.0,0.0,0.0,0.0,0.0,0.0
6825000000,6825000000,_qdot_,_qdot_,0.0,0.0,0.0,0.0,0.0,0.0,0.0,0.0,0.0,0.0,0.0,0.0,0.0,0.0,0.0,0.0,0.0,0.0
6845000000,6845000000,_qdot_,_qdot_,0.0,0.0,0.0,0.0,0.0,0.0,0.0,0.0,0.0,0.0,0.0,0.0,0.0,0.0,0.0,0.0,0.0,0.0
6862000000,6865000000,_qdot_,_qdot_,0.0,0.0,0.0,0.0,0.0,0.0,0.0,0.0,0.0,0.0,0.0,0.0,0.0,0.0,0.0,0.0,0.0,0.0
6885000000,6885000000,_qdot_,_qdot_,0.0,0.0,0.0,0.0,0.0,0.0,0.0,0.0,0.0,0.0,0.0,0.0,0.0,0.0,0.0,0.0,0.0,0.0
6905000000,6905000000,_qdot_,_qdot_,0.0,0.0,0.0,0.0,0.0,0.0,0.0,0.0,0.0,0.0,0.0,0.0,0.0,0.0,0.0,0.0,0.0,0.0
6925000000,6925000000,_qdot_,_qdot_,0.0,0.0,0.0,0.0,0.0,0.0,0.0,0.0,0.0,0.0,0.0,0.0,0.0,0.0,0.0,0.0,0.0,0.0
6945000000,6945000000,_qdot_,_qdot_,0.0,0.0,0.0,0.0,0.0,0.0,0.0,0.0,0.0,0.0,0.0,0.0,0.0,0.0,0.0,0.0,0.0,0.0
6965000000,6965000000,_qdot_,_qdot_,0.0,0.0,0.0,0.0,0.0,0.0,0.0,0.0,0.0,0.0,0.0,0.0,0.0,0.0,0.0,0.0,0.0,0.0
6985000000,6985000000,_qdot_,_qdot_,0.0,0.0,0.0,0.0,0.0,0.0,0.0,0.0,0.0,0.0,0.0,0.0,0.0,0.0,0.0,0.0,0.0,0.0
7005000000,7005000000,_qdot_,_qdot_,0.0,0.0,0.0,0.0,0.0,0.0,0.0,0.0,0.0,0.0,0.0,0.0,0.0,0.0,0.0,0.0,0.0,0.0
7026000000,7026000000,_qdot_,_qdot_,0.0,0.0,0.0,0.0,0.0,0.0,0.0,0.0,0.0,0.0,0.0,0.0,0.0,0.0,0.0,0.0,0.0,0.0
7046000000,7046000000,_qdot_,_qdot_,0.0,0.0,0.0,0.0,0.0,0.0,0.0,0.0,0.0,0.0,0.0,0.0,0.0,0.0,0.0,0.0,0.0,0.0
7067000000,7066000000,_qdot_,_qdot_,0.0,0.0,0.0,0.0,0.0,0.0,0.0,0.0,0.0,0.0,0.0,0.0,0.0,0.0,0.0,0.0,0.0,0.0
7086000000,7086000000,_qdot_,_qdot_,0.0,0.0,0.0,0.0,0.0,0.0,0.0,0.0,0.0,0.0,0.0,0.0,0.0,0.0,0.0,0.0,0.0,0.0
7114000000,7106000000,_qdot_,_qdot_,0.0,0.0,0.0,0.0,0.0,0.0,0.0,0.0,0.0,0.0,0.0,0.0,0.0,0.0,0.0,0.0,0.0,0.0
7126000000,7126000000,_qdot_,_qdot_,0.0,0.0,0.0,0.0,0.0,0.0,0.0,0.0,0.0,0.0,0.0,0.0,0.0,0.0,0.0,0.0,0.0,0.0
7146000000,7146000000,_qdot_,_qdot_,0.0,0.0,0.0,0.0,0.0,0.0,0.0,0.0,0.0,0.0,0.0,0.0,0.0,0.0,0.0,0.0,0.0,0.0
7166000000,7166000000,_qdot_,_qdot_,0.0,0.0,0.0,0.0,0.0,0.0,0.0,0.0,0.0,0.0,0.0,0.0,0.0,0.0,0.0,0.0,0.0,0.0
7186000000,7186000000,_qdot_,_qdot_,0.0,0.0,0.0,0.0,0.0,0.0,0.0,0.0,0.0,0.0,0.0,0.0,0.0,0.0,0.0,0.0,0.0,0.0
7206000000,7206000000,_qdot_,_qdot_,0.0,0.0,0.0,0.0,0.0,0.0,0.0,0.0,0.0,0.0,0.0,0.0,0.0,0.0,0.0,0.0,0.0,0.0
7226000000,7226000000,_qdot_,_qdot_,0.0,0.0,0.0,0.0,0.0,0.0,0.0,0.0,0.0,0.0,0.0,0.0,0.0,0.0,0.0,0.0,0.0,0.0
7246000000,7246000000,_qdot_,_qdot_,0.0,0.0,0.0,0.0,0.0,0.0,0.0,0.0,0.0,0.0,0.0,0.0,0.0,0.0,0.0,0.0,0.0,0.0
7266000000,7266000000,_qdot_,_qdot_,0.0,0.0,0.0,0.0,0.0,0.0,0.0,0.0,0.0,0.0,0.0,0.0,0.0,0.0,0.0,0.0,0.0,0.0
7286000000,7286000000,_qdot_,_qdot_,0.0,0.0,0.0,0.0,0.0,0.0,0.0,0.0,0.0,0.0,0.0,0.0,0.0,0.0,0.0,0.0,0.0,0.0
7306000000,7306000000,_qdot_,_qdot_,0.0,0.0,0.0,0.0,0.0,0.0,0.0,0.0,0.0,0.0,0.0,0.0,0.0,0.0,0.0,0.0,0.0,0.0
7326000000,7326000000,_qdot_,_qdot_,0.0,0.0,0.0,0.0,0.0,0.0,0.0,0.0,0.0,0.0,0.0,0.0,0.0,0.0,0.0,0.0,0.0,0.0
7346000000,7346000000,_qdot_,_qdot_,0.0,0.0,0.0,0.0,0.0,0.0,0.0,0.0,0.0,0.0,0.0,0.0,0.0,0.0,0.0,0.0,0.0,0.0
7367000000,7367000000,_qdot_,_qdot_,0.0,0.0,0.0,0.0,0.0,0.0,0.0,0.0,0.0,0.0,0.0,0.0,0.0,0.0,0.0,0.0,0.0,0.0
7388000000,7388000000,_qdot_,_qdot_,0.0,0.0,0.0,0.0,0.0,0.0,0.0,0.0,0.0,0.0,0.0,0.0,0.0,0.0,0.0,0.0,0.0,0.0
7408000000,7408000000,_qdot_,_qdot_,0.0,0.0,0.0,0.0,0.0,0.0,0.0,0.0,0.0,0.0,0.0,0.0,0.0,0.0,0.0,0.0,0.0,0.0
7431000000,7429000000,_qdot_,_qdot_,0.0,0.0,0.0,0.0,0.0,0.0,0.0,0.0,0.0,0.0,0.0,0.0,0.0,0.0,0.0,0.0,0.0,0.0
7450000000,7449000000,_qdot_,_qdot_,0.0,0.0,0.0,0.0,0.0,0.0,0.0,0.0,0.0,0.0,0.0,0.0,0.0,0.0,0.0,0.0,0.0,0.0
7469000000,7469000000,_qdot_,_qdot_,0.0,0.0,0.0,0.0,0.0,0.0,0.0,0.0,0.0,0.0,0.0,0.0,0.0,0.0,0.0,0.0,0.0,0.0
7489000000,7489000000,_qdot_,_qdot_,0.0,0.0,0.0,0.0,0.0,0.0,0.0,0.0,0.0,0.0,0.0,0.0,0.0,0.0,0.0,0.0,0.0,0.0
7509000000,7509000000,_qdot_,_qdot_,0.0,0.0,0.0,0.0,0.0,0.0,0.0,0.0,0.0,0.0,0.0,0.0,0.0,0.0,0.0,0.0,0.0,0.0
7529000000,7529000000,_qdot_,_qdot_,0.0,0.0,0.0,0.0,0.0,0.0,0.0,0.0,0.0,0.0,0.0,0.0,0.0,0.0,0.0,0.0,0.0,0.0
7549000000,7549000000,_qdot_,_qdot_,0.0,0.0,0.0,0.0,0.0,0.0,0.0,0.0,0.0,0.0,0.0,0.0,0.0,0.0,0.0,0.0,0.0,0.0
7569000000,7569000000,_qdot_,_qdot_,0.0,0.0,0.0,0.0,0.0,0.0,0.0,0.0,0.0,0.0,0.0,0.0,0.0,0.0,0.0,0.0,0.0,0.0
7589000000,7589000000,_qdot_,_qdot_,0.0,0.0,0.0,0.0,0.0,0.0,0.0,0.0,0.0,0.0,0.0,0.0,0.0,0.0,0.0,0.0,0.0,0.0
7609000000,7609000000,_qdot_,_qdot_,0.0,0.0,0.0,0.0,0.0,0.0,0.0,0.0,0.0,0.0,0.0,0.0,0.0,0.0,0.0,0.0,0.0,0.0
7629000000,7629000000,_qdot_,_qdot_,0.0,0.0,0.0,0.0,0.0,0.0,0.0,0.0,0.0,0.0,0.0,0.0,0.0,0.0,0.0,0.0,0.0,0.0
7649000000,7649000000,_qdot_,_qdot_,0.0,0.0,0.0,0.0,0.0,0.0,0.0,0.0,0.0,0.0,0.0,0.0,0.0,0.0,0.0,0.0,0.0,0.0
7674000000,7673000000,_qdot_,_qdot_,0.0,0.0,0.0,0.0,0.0,0.0,0.0,0.0,0.0,0.0,0.0,0.0,0.0,0.0,0.0,0.0,0.0,0.0
7693000000,7693000000,_qdot_,_qdot_,0.0,0.0,0.0,0.0,0.0,0.0,0.0,0.0,0.0,0.0,0.0,0.0,0.0,0.0,0.0,0.0,0.0,0.0
7714000000,7714000000,_qdot_,_qdot_,0.0,0.0,0.0,0.0,0.0,0.0,0.0,0.0,0.0,0.0,0.0,0.0,0.0,0.0,0.0,0.0,0.0,0.0
7734000000,7734000000,_qdot_,_qdot_,0.0,0.0,0.0,0.0,0.0,0.0,0.0,0.0,0.0,0.0,0.0,0.0,0.0,0.0,0.0,0.0,0.0,0.0
7754000000,7754000000,_qdot_,_qdot_,0.0,0.0,0.0,0.0,0.0,0.0,0.0,0.0,0.0,0.0,0.0,0.0,0.0,0.0,0.0,0.0,0.0,0.0
7774000000,7774000000,_qdot_,_qdot_,0.0,0.0,0.0,0.0,0.0,0.0,0.0,0.0,0.0,0.0,0.0,0.0,0.0,0.0,0.0,0.0,0.0,0.0
7795000000,7795000000,_qdot_,_qdot_,0.0,0.0,0.0,0.0,0.0,0.0,0.0,0.0,0.0,0.0,0.0,0.0,0.0,0.0,0.0,0.0,0.0,0.0
7815000000,7815000000,_qdot_,_qdot_,0.0,0.0,0.0,0.0,0.0,0.0,0.0,0.0,0.0,0.0,0.0,0.0,0.0,0.0,0.0,0.0,0.0,0.0
7835000000,7835000000,_qdot_,_qdot_,0.0,0.0,0.0,0.0,0.0,0.0,0.0,0.0,0.0,0.0,0.0,0.0,0.0,0.0,0.0,0.0,0.0,0.0
7856000000,7856000000,_qdot_,_qdot_,0.0,0.0,0.0,0.0,0.0,0.0,0.0,0.0,0.0,0.0,0.0,0.0,0.0,0.0,0.0,0.0,0.0,0.0
7877000000,7876000000,_qdot_,_qdot_,0.0,0.0,0.0,0.0,0.0,0.0,0.0,0.0,0.0,0.0,0.0,0.0,0.0,0.0,0.0,0.0,0.0,0.0
7897000000,7896000000,_qdot_,_qdot_,0.0,0.0,0.0,0.0,0.0,0.0,0.0,0.0,0.0,0.0,0.0,0.0,0.0,0.0,0.0,0.0,0.0,0.0
7911000000,7916000000,_qdot_,_qdot_,0.0,0.0,0.0,0.0,0.0,0.0,0.0,0.0,0.0,0.0,0.0,0.0,0.0,0.0,0.0,0.0,0.0,0.0
7936000000,7936000000,_qdot_,_qdot_,0.0,0.0,0.0,0.0,0.0,0.0,0.0,0.0,0.0,0.0,0.0,0.0,0.0,0.0,0.0,0.0,0.0,0.0
7956000000,7956000000,_qdot_,_qdot_,0.0,0.0,0.0,0.0,0.0,0.0,0.0,0.0,0.0,0.0,0.0,0.0,0.0,0.0,0.0,0.0,0.0,0.0
7976000000,7976000000,_qdot_,_qdot_,5.83201457729e-05,-5.74342725735e-05,5.81423582681e-05,-2.97347562146e-05,4.55147981455e-09,-1.47606874138e-05,-0.0,-0.0,-0.0,-5.96485260343e-05,-5.61955358729e-05,-5.95026632528e-05,-2.91473208084e-05,-5.45169602817e-08,-1.44796278645e-05,-0.0,-0.0,-0.0,geomproj1,e,0.0668142986758,geomproj1,de*,-0.000157682809343,geomproj1,J,-0.198098142743,0.195089065294,-0.197494245513,0.101001118961,-1.54601756571e-05,0.0501381593537,1.43042325598e-17,0.0,0.0,0.202610299892,0.190881403662,0.202114842521,0.0990057559284,0.000185179725405,0.0491834742447,-1.09175654125e-17,0.0,0.0,geomproj1,PM,0.0668142986758
7996000000,7996000000,_qdot_,_qdot_,0.00036808303425,-0.000362486350741,0.000366958853991,-0.000187662727726,2.8634755592e-08,-9.31582207443e-05,-0.0,-0.0,-0.0,-0.000376480313527,-0.000354657583355,-0.00037555811634,-0.000183951631204,-3.44816718836e-07,-9.13826953988e-05,-0.0,-0.0,-0.0,geomproj1,e,0.0668092653132,geomproj1,de*,-0.000563583261743,geomproj1,J,-0.198092651364,0.19508066284,-0.197487646983,0.100995166412,-1.5410475704e-05,0.0501353152045,-7.08797819658e-18,0.0,0.0,0.202611847201,0.190867425216,0.202115544821,0.0989979514326,0.000185571329599,0.0491797739529,1.4503966139e-17,0.0,0.0,geomproj1,PM,0.0668092653132
8016000000,8016000000,_qdot_,_qdot_,0.000691829336017,-0.000681297392379,0.000689714662885,-0.000352712021709,5.31796670233e-08,-0.000175091148518,-0.0,-0.0,-0.0,-0.000707637575257,-0.000666562823278,-0.00070590347457,-0.000345730233101,-6.49015661222e-07,-0.000171750898992,-0.0,-0.0,-0.0,geomproj1,e,0.0667961318547,geomproj1,de*,-0.000987732051944,geomproj1,J,-0.198076578272,0.195061193914,-0.197471129505,0.100984428873,-1.52257875306e-05,0.0501300736737,7.02670667303e-18,0.0,0.0,0.202602610595,0.190842562413,0.202106122932,0.0989854838652,0.00018581866181,0.049173732041,-3.62881851509e-18,0.0,0.0,geomproj1,PM,0.0667961318547
8036000000,8036000000,_qdot_,_qdot_,0.00116971634036,-0.00115188222656,0.00116614260581,-0.000596339575081,8.78598182032e-08,-0.000296031625845,-0.0,-0.0,-0.0,-0.00119648627895,-0.00112693668698,-0.00119355755884,-0.000584524936113,-1.09791195442e-06,-0.000290379359064,-0.0,-0.0,-0.0,geomproj1,e,0.0667730999111,geomproj1,de*,-0.00161365621907,geomproj1,J,-0.198047634429,0.195028095479,-0.197442556386,0.100967762941,-1.4875768215e-05,0.0501218639016,1.45792229722e-19,0.0,0.0,0.202580120493,0.190804503029,0.202084251478,0.0989673965114,0.000185890252091,0.0491648643056,-7.28674891432e-18,0.0,0.0,geomproj1,PM,0.0667730999111
8056000000,8056000000,_qdot_,_qdot_,0.00167754870739,-0.00165192288197,0.00167243483437,-0.000855232188253,1.21150965149e-07,-0.000424549917913,-0.0,-0.0,-0.0,-0.00171600117464,-0.00161610056364,-0.00171181451793,-0.000838275020761,-1.57350844164e-06,-0.000416437531178,-0.0,-0.0,-0.0,geomproj1,e,0.0667364726429,geomproj1,de*,-0.0022784241591,geomproj1,J,-0.198000945071,0.194976330865,-0.197397355032,0.100942989484,-1.42994391102e-05,0.0501095941991,-3.0123335153e-20,0.0,0.0,0.202539486827,0.190748225384,0.202045336056,0.0989415363075,0.000185721080497,0.0491520898159,2.54393735101e-17,0.0,0.0,geomproj1,PM,0.0667364726429
8076000000,8076000000,_qdot_,_qdot_,0.002300106278,-0.00226488821848,0.00229312343395,-0.00117261923515,1.56650535526e-07,-0.00058210541978,-0.0,-0.0,-0.0,-0.00235291088034,-0.00221570896842,-0.00234720235355,-0.0011493525881,-2.15317557673e-06,-0.000570974671708,-0.0,-0.0,-0.0,geomproj1,e,0.0666853024818,geomproj1,de*,-0.00309281755906,geomproj1,J,-0.197935275267,0.194904590827,-0.197334367746,0.100909559402,-1.34805366024e-05,0.0500929881373,-3.00746808991e-20,0.0,0.0,0.202479366815,0.190672478385,0.201988120462,0.0989073518386,0.000185291177435,0.0491351334049,1.78859109198e-17,0.0,0.0,geomproj1,PM,0.0666853024818
8096000000,8096000000,_qdot_,_qdot_,0.00293966773543,-0.00289452992515,0.0029307995728,-0.00149869238806,1.83990774791e-07,-0.000743972117546,-0.0,-0.0,-0.0,-0.00300725966715,-0.0028315971641,-0.00300002390094,-0.0014689381459,-2.74230628917e-06,-0.000729737739003,-0.0,-0.0,-0.0,geomproj1,e,0.0666173934186,geomproj1,de*,-0.00392850818416,geomproj1,J,-0.197847714426,0.194809815792,-0.197250862718,0.100866114912,-1.23830846014e-05,0.0500713673449,2.21272569789e-30,0.0,0.0,0.202396837118,0.190574268085,0.201909850174,0.0988635726739,0.000184564746903,0.0491133545644,1.45575913155e-17,0.0,0.0,geomproj1,PM,0.0666173934186
8116000000,8116000000,_qdot_,_qdot_,0.00362820685091,-0.00357231017317,0.00361735655082,-0.00184976512599,2.01669116404e-07,-0.000918247748493,-0.0,-0.0,-0.0,-0.00371175814468,-0.00349454290255,-0.00370292708188,-0.00181302377692,-3.36740037623e-06,-0.000900670640798,-0.0,-0.0,-0.0,geomproj1,e,0.0665317648891,geomproj1,de*,-0.0048269844094,geomproj1,J,-0.197736956787,0.194690592727,-0.197145616379,0.100812037961,-1.09909492469e-05,0.050044422169,7.07189638666e-18,0.0,0.0,0.202290495007,0.190452283265,0.201809202855,0.0988096376424,0.000183523026674,0.0490864713334,-7.34734513017e-18,0.0,0.0,geomproj1,PM,0.0665317648891
8137000000,8136000000,_qdot_,_qdot_,0.00433654272229,-0.00426947877258,0.00432371777285,-0.00221097572365,2.04260597178e-07,-0.00109755421192,-0.0,-0.0,-0.0,-0.00443656044859,-0.00417641555856,-0.00442615426342,-0.00216704221048,-3.99785483941e-06,-0.00107653605909,-0.0,-0.0,-0.0,geomproj1,e,0.0664285762514,geomproj1,de*,-0.00574969070948,geomproj1,J,-0.197603077001,0.19454717656,-0.197018683018,0.10074744656,-9.30753484911e-06,0.0500122109568,-6.96326181097e-18,0.0,0.0,0.202160580924,0.190306568632,0.201686402682,0.0987455298392,0.000182170099146,0.0490544775876,-3.57628749792e-18,0.0,0.0,geomproj1,PM,0.0664285762514
8156000000,8156000000,_qdot_,_qdot_,0.00510781513517,-0.0050284787888,0.00509291679272,-0.00260433440937,1.8912392244e-07,-0.00129281698144,-0.0,-0.0,-0.0,-0.00522580117377,-0.00491873543757,-0.00521375790384,-0.00255257155408,-4.6689984326e-06,-0.00126805261732,-0.0,-0.0,-0.0,geomproj1,e,0.0663064975426,geomproj1,de*,-0.00675253950372,geomproj1,J,-0.197444340466,0.194377566871,-0.196868439945,0.100671437043,-7.31064988537e-06,0.0499742824454,2.9724235199e-20,0.0,0.0,0.202005131129,0.190135400107,0.201539594412,0.0986705261741,0.000180481730792,0.0490170074832,7.26233873042e-18,0.0,0.0,geomproj1,PM,0.0663064975426
8176000000,8176000000,_qdot_,_qdot_,0.00590079804588,-0.0058086896502,0.00588387601767,-0.00300884432839,1.48540484013e-07,-0.00149361211591,-0.0,-0.0,-0.0,-0.00603730674505,-0.00568176581678,-0.0060236898889,-0.00294903553779,-5.33727676473e-06,-0.00146499745453,-0.0,-0.0,-0.0,geomproj1,e,0.0661633866029,geomproj1,de*,-0.00778105399045,geomproj1,J,-0.197257828796,0.194178736442,-0.196692142169,0.100582683018,-4.96556112187e-06,0.0499299723116,-6.90547080357e-18,0.0,0.0,0.201821179278,0.189935798519,0.201365981276,0.0985833344411,0.000178419871025,0.0489734125493,-1.8165305391e-17,0.0,0.0,geomproj1,PM,0.0661633866029
8196000000,8196000000,_qdot_,_qdot_,0.00674484036929,-0.00663897505808,0.00672588445197,-0.00343949200544,7.79400880354e-08,-0.0017073782471,-0.0,-0.0,-0.0,-0.00690111066687,-0.00649373526355,-0.00688594034353,-0.00337112423188,-6.02417757348e-06,-0.0016746672181,-0.0,-0.0,-0.0,geomproj1,e,0.0659994681817,geomproj1,de*,-0.00887298993216,geomproj1,J,-0.197043675275,0.193950927506,-0.196489897363,0.100481272903,-2.27694067715e-06,0.0498793250058,7.01297914711e-18,0.0,0.0,0.201608953634,0.189707894114,0.201165768013,0.0984839776908,0.00017599024211,0.0489237054474,1.09999705376e-17,0.0,0.0,geomproj1,PM,0.0659994681817
8216000000,8216000000,_qdot_,_qdot_,0.00756466688103,-0.00744520855105,0.00754390620529,-0.00385791463778,-2.95628862669e-08,-0.00191507100785,-0.0,-0.0,-0.0,-0.00774019611429,-0.00728213809265,-0.00772368950796,-0.00378124118764,-6.65662551815e-06,-0.00187838405237,-0.0,-0.0,-0.0,geomproj1,e,0.0658138501266,geomproj1,de*,-0.00992961372097,geomproj1,J,-0.196800569081,0.193692769665,-0.196260464294,0.100366586939,7.6910099711e-07,0.0498220305142,-1.42244537483e-17,0.0,0.0,0.201367095743,0.189450367518,0.20093766381,0.0983718687504,0.000173177181591,0.0488675914318,1.07662749914e-17,0.0,0.0,geomproj1,PM,0.0658138501266
8236000000,8236000000,_qdot_,_qdot_,0.00842473234427,-0.00829080545448,0.00840224004914,-0.00429700278416,-1.78665543146e-07,-0.00213301655127,-0.0,-0.0,-0.0,-0.00862051346724,-0.00810900041115,-0.00860276810956,-0.00421162540161,-7.28685352829e-06,-0.00209216224487,-0.0,-0.0,-0.0,geomproj1,e,0.0656067575147,geomproj1,de*,-0.0110343846437,geomproj1,J,-0.196528632258,0.193404441792,-0.196003941406,0.100238683613,4.16783505888e-06,0.0497581179171,2.20059501107e-30,0.0,0.0,0.201095732405,0.189163369786,0.200681776123,0.0982470357442,0.000169984671187,0.0488050857458,-1.44202057613e-17,0.0,0.0,geomproj1,PM,0.0656067575147
8256000000,8256000000,_qdot_,_qdot_,0.00940352483888,-0.00925294781283,0.00937920598502,-0.00479681753417,-3.8010376556e-07,-0.00238109978793,-0.0,-0.0,-0.0,-0.00962237430127,-0.00904981786116,-0.00960336369182,-0.00470155386175,-7.97414279289e-06,-0.0023355112388,-0.0,-0.0,-0.0,geomproj1,e,0.0653773747069,geomproj1,de*,-0.0122884138082,geomproj1,J,-0.19622667484,0.193084530843,-0.195719204726,0.10009688608,7.93175955699e-06,0.0496872504572,-7.0519447359e-18,0.0,0.0,0.200793483886,0.188845746381,0.200396782783,0.0981089853733,0.000166399254722,0.0487359380971,3.59165384168e-18,0.0,0.0,geomproj1,PM,0.0653773747069
8276000000,8276000000,_qdot_,_qdot_,0.0102226910643,-0.0100577066179,0.0101972089639,-0.00521540798137,-6.30952985075e-07,-0.00258885613615,-0.0,-0.0,-0.0,-0.0104609608162,-0.00983666030644,-0.010441259824,-0.00511189102223,-8.47431672152e-06,-0.00253931355426,-0.0,-0.0,-0.0,geomproj1,e,0.065123780546,geomproj1,de*,-0.0133295086407,geomproj1,J,-0.195891818877,0.192730312471,-0.195403519372,0.0999400010461,1.20906057999e-05,0.0496088294299,2.09691373581e-17,0.0,0.0,0.200457651377,0.18849452331,0.200080132075,0.0979563623658,0.000162388680816,0.048659472121,-3.51232336165e-18,0.0,0.0,geomproj1,PM,0.065123780546
8296000000,8296000000,_qdot_,_qdot_,0.0110463721782,-0.0108665916018,0.0110199636707,-0.00563649710341,-9.37209657848e-07,-0.00279784502977,-0.0,-0.0,-0.0,-0.0113042197326,-0.0106275077113,-0.0112840690919,-0.00552470609435,-8.92685831758e-06,-0.00274433715635,-0.0,-0.0,-0.0,geomproj1,e,0.0648492495245,geomproj1,de*,-0.0143708057547,geomproj1,J,-0.195528246,0.192346008412,-0.195060797586,0.0997698044603,1.65892437424e-05,0.0495237461155,6.95064470157e-18,0.0,0.0,0.200092321811,0.188114062121,0.199735641864,0.0977910281194,0.000158011419584,0.0485766206278,7.29972792337e-18,0.0,0.0,geomproj1,PM,0.0648492495245
8316000000,8316000000,_qdot_,_qdot_,0.0118595668564,-0.0116648230454,0.0118325259815,-0.00605244855521,-1.3021340564e-06,-0.00300427519461,-0.0,-0.0,-0.0,-0.0121367999674,-0.0114079061238,-0.0121164889336,-0.00593251762196,-9.31508143034e-06,-0.00294686478629,-0.0,-0.0,-0.0,geomproj1,e,0.0645538197911,geomproj1,de*,-0.0153924293581,geomproj1,J,-0.195135746725,0.19193145778,-0.194690819741,0.0995861891613,2.14251417871e-05,0.049431947268,-7.07902176046e-18,0.0,0.0,0.199697303718,0.187704180682,0.199363108651,0.0976128614253,0.000153269119583,0.0484873239918,-1.44418413387e-19,0.0,0.0,geomproj1,PM,0.0645538197911
8336000000,8336000000,_qdot_,_qdot_,0.0127505598689,-0.0125392091386,0.0127230070433,-0.00650834303298,-1.74145619679e-06,-0.00323052255098,-0.0,-0.0,-0.0,-0.0130490573854,-0.0122627451977,-0.0130287518112,-0.00637951370396,-9.70249104681e-06,-0.00316884486741,-0.0,-0.0,-0.0,geomproj1,e,0.0642376491767,geomproj1,de*,-0.0165077358854,geomproj1,J,-0.194714225939,0.191486681873,-0.194293465819,0.099389123995,2.65938357885e-05,0.0493334178547,2.1842032398e-30,0.0,0.0,0.199272591491,0.18726479179,0.198962504389,0.0974217670055,0.000148167065077,0.0483915358874,1.40835060631e-17,0.0,0.0,geomproj1,PM,0.0642376491767
8356000000,8356000000,_qdot_,_qdot_,0.0135104622201,-0.0132842979107,0.0134829956893,-0.00689758045248,-2.2323403104e-06,-0.00342367343972,-0.0,-0.0,-0.0,-0.0138272158584,-0.0129910990887,-0.0138074408599,-0.00676120514161,-9.92442227965e-06,-0.00335837423181,-0.0,-0.0,-0.0,geomproj1,e,0.0639004412837,geomproj1,de*,-0.0174470243337,geomproj1,J,-0.194262980418,0.191011030033,-0.193868047213,0.099178289724,3.20981676971e-05,0.0492279979427,6.89903337566e-18,0.0,0.0,0.198817488238,0.18679521002,0.198533149325,0.0972173890595,0.000142700362102,0.0482890797518,7.18074624235e-20,0.0,0.0,geomproj1,PM,0.0639004412837
8376000000,8376000000,_qdot_,_qdot_,0.0144277003938,-0.0141836704551,0.0144003376595,-0.00736740791726,-2.82345971203e-06,-0.00365681509346,-0.0,-0.0,-0.0,-0.0147664473821,-0.0138703114322,-0.0147473108539,-0.00722194294407,-1.01915257837e-05,-0.00358715323661,-0.0,-0.0,-0.0,geomproj1,e,0.063543031806,geomproj1,de*,-0.0185809058255,geomproj1,J,-0.19378290935,0.190505267717,-0.193415391996,0.0989539359432,3.79227612507e-05,0.0491158153014,-1.39465489187e-17,0.0,0.0,0.198332724992,0.186296445696,0.198075696359,0.097000150867,0.000136885537069,0.0481801653418,1.02512349865e-17,0.0,0.0,geomproj1,PM,0.063543031806
8395000000,8396000000,_qdot_,_qdot_,0.0151757140181,-0.0149162512108,0.0151491356828,-0.00775111209181,-3.46050709594e-06,-0.00384719776446,-0.0,-0.0,-0.0,-0.015532541514,-0.0145863826437,-0.0155146286209,-0.00759830169608,-1.02638633207e-05,-0.0037740064692,-0.0,-0.0,-0.0,geomproj1,e,0.063164986691,geomproj1,de*,-0.0194896613658,geomproj1,J,-0.193273019877,0.189968584893,-0.192934526734,0.098715674241,4.40719069916e-05,0.0489966751557,-6.78750656579e-18,0.0,0.0,0.197817460265,0.185767484763,0.197589327412,0.096769530118,0.000130717266893,0.0480645343255,-3.60308037958e-18,0.0,0.0,geomproj1,PM,0.063164986691
8416000000,8416000000,_qdot_,_qdot_,0.0159774586228,-0.0157012237748,0.0159519274384,-0.00816254877303,-4.18816473257e-06,-0.00405133354733,-0.0,-0.0,-0.0,-0.0163536879574,-0.0153536531299,-0.0163372932264,-0.00800188858439,-1.02977042027e-05,-0.00397436912672,-0.0,-0.0,-0.0,geomproj1,e,0.062767647103,geomproj1,de*,-0.0204590513292,geomproj1,J,-0.192734774633,0.189402576288,-0.192426794046,0.098464157244,5.05214881109e-05,0.0488709047314,1.37716278246e-17,0.0,0.0,0.197273198278,0.185209860069,0.197075429981,0.0965261265483,0.000124220362299,0.0479424892298,-3.59191870803e-18,0.0,0.0,geomproj1,PM,0.062767647103
8436000000,8436000000,_qdot_,_qdot_,0.0167190214006,-0.0164266158863,0.0166950003224,-0.0085435285962,-4.98048903035e-06,-0.00424034068888,-0.0,-0.0,-0.0,-0.0171132866603,-0.0160626405071,-0.0170988391124,-0.00837567230095,-1.02158913702e-05,-0.00415991397846,-0.0,-0.0,-0.0,geomproj1,e,0.0623524200406,geomproj1,de*,-0.021343367571,geomproj1,J,-0.19216978332,0.188808850706,-0.191893683107,0.0982000082294,5.7246143471e-05,0.0487388186105,1.35837231066e-17,0.0,0.0,0.196701500083,0.184625288278,0.1965354388,0.0962706544045,0.000117422281126,0.0478143875002,-3.65097803425e-18,0.0,0.0,geomproj1,PM,0.0623524200406
8457000000,8456000000,_qdot_,_qdot_,0.0173777046113,-0.0170701571349,0.0173556709119,-0.00888244068551,-5.82659909633e-06,-0.00440845690238,-0.0,-0.0,-0.0,-0.0177880998498,-0.0166915682157,-0.0177760300011,-0.00870826526544,-1.00081566964e-05,-0.00432498583028,-0.0,-0.0,-0.0,geomproj1,e,0.0619198555329,geomproj1,de*,-0.022114155443,geomproj1,J,-0.19157843071,0.188187910258,-0.19133552282,0.0979234073466,6.42346464171e-05,0.0486005070348,-7.04678025282e-20,0.0,0.0,0.196102784042,0.184014201897,0.195969721435,0.0960032312134,0.000110333729171,0.0476802901614,-1.07038657743e-17,0.0,0.0,geomproj1,PM,0.0619198555329
8477000000,8476000000,_qdot_,_qdot_,0.0178986148162,-0.0175780047434,0.0178790509025,-0.0091511744099,-6.69398316592e-06,-0.00454173251608,-0.0,-0.0,-0.0,-0.0183219245304,-0.0171877937434,-0.0183126368014,-0.00897209858829,-9.65609627719e-06,-0.00445589520553,-0.0,-0.0,-0.0,geomproj1,e,0.0614739325609,geomproj1,de*,-0.0227032495589,geomproj1,J,-0.190965852914,0.187545164966,-0.190757119474,0.0976367078852,7.14201751255e-05,0.0484571478044,1.85126774327e-19,0.0,0.0,0.195482275076,0.183381883215,0.195383181425,0.0957260926022,0.00010302387533,0.0475413230108,7.01507651103e-20,0.0,0.0,geomproj1,PM,0.0614739325609
8496000000,8496000000,_qdot_,_qdot_,0.0183721567968,-0.0180390186952,0.0183553844571,-0.00939589694606,-7.60283559783e-06,-0.00466308245612,-0.0,-0.0,-0.0,-0.0188072975827,-0.0176382121241,-0.0188010865884,-0.00921243465403,-9.22169439386e-06,-0.00457512326298,-0.0,-0.0,-0.0,geomproj1,e,0.0610168413193,geomproj1,de*,-0.0232262981304,geomproj1,J,-0.19033477867,0.186883481822,-0.19016101793,0.0973411007438,7.87650599102e-05,0.0483093398898,-2.03603059296e-17,0.0,0.0,0.194842819076,0.182731142452,0.194778473434,0.0954404390449,9.55363695636e-05,0.0473980863151,-7.03952043924e-18,0.0,0.0,geomproj1,PM,0.0610168413193
8516000000,8516000000,_qdot_,_qdot_,0.018812240003,-0.0184668907551,0.0187985443383,-0.00962370655433,-8.55369318023e-06,-0.00477603007362,-0.0,-0.0,-0.0,-0.0192584521752,-0.0180562087405,-0.0192555845543,-0.00943622327494,-8.71654680477e-06,-0.00468612265464,-0.0,-0.0,-0.0,geomproj1,e,0.0605497868403,geomproj1,de*,-0.0237013506166,geomproj1,J,-0.189686617829,0.186204409926,-0.189548522402,0.0970372665339,8.6248162316e-05,0.0481574225702,-6.94811221203e-20,0.0,0.0,0.194185841619,0.182063442007,0.194156926971,0.0951468447042,8.78902396675e-05,0.0472508726738,-6.73471654529e-18,0.0,0.0,geomproj1,PM,0.0605497868403
8536000000,8536000000,_qdot_,_qdot_,0.0192148071513,-0.01885766857,0.0192044541887,-0.009832508548,-9.53988372905e-06,-0.00487953659645,-0.0,-0.0,-0.0,-0.019671237029,-0.0184379183598,-0.0196719582793,-0.00964141016013,-8.14363037294e-06,-0.00478787376574,-0.0,-0.0,-0.0,geomproj1,e,0.0600740127981,geomproj1,de*,-0.0241237953223,geomproj1,J,-0.189022838833,0.185509540575,-0.188920993086,0.0967258564689,9.38472028579e-05,0.0480017234828,-6.64244939737e-18,0.0,0.0,0.193512900613,0.181380309627,0.193519995808,0.094845954189,8.01117658575e-05,0.0471000038693,1.39011639335e-17,0.0,0.0,geomproj1,PM,0.0600740127981
8556000000,8556000000,_qdot_,_qdot_,0.0195890444179,-0.0192203661437,0.0195822825126,-0.0100269804409,-1.05630924006e-05,-0.00497592382548,-0.0,-0.0,-0.0,-0.020055038689,-0.0187921778607,-0.0200595795708,-0.00983259451976,-7.50931973723e-06,-0.00488266099186,-0.0,-0.0,-0.0,geomproj1,e,0.0595895250397,geomproj1,de*,-0.0245054104625,geomproj1,J,-0.188343300552,0.184798559853,-0.188278286684,0.0964066725523,0.000101561242311,0.0478421456705,-1.13962292698e-19,0.0,0.0,0.192823707926,0.180681646708,0.192867367262,0.0945377051242,7.22000539711e-05,0.0469454490513,2.06411939425e-17,0.0,0.0,geomproj1,PM,0.0595895250397
8576000000,8576000000,_qdot_,_qdot_,0.0198823004697,-0.0195033946031,0.019879355439,-0.0101801530338,-1.15861561751e-05,-0.0050518093246,-0.0,-0.0,-0.0,-0.0203559671684,-0.0190685223112,-0.0203645077121,-0.00998330613985,-6.8019661572e-06,-0.00495734153997,-0.0,-0.0,-0.0,geomproj1,e,0.0590986141578,geomproj1,de*,-0.0247814468299,geomproj1,J,-0.187650910315,0.184074763234,-0.187623114855,0.0960811847128,0.000109351166713,0.0476794232107,-6.45055577764e-18,0.0,0.0,0.192121418511,0.17997040008,0.192202024917,0.0942233263172,6.41975581888e-05,0.0467878279042,6.76849316793e-18,0.0,0.0,geomproj1,PM,0.0590986141578
8595000000,8596000000,_qdot_,_qdot_,0.0200862092958,-0.0196986163723,0.0200872455483,-0.0102876869729,-1.25902759517e-05,-0.00510504182509,-0.0,-0.0,-0.0,-0.0205654418576,-0.0192590109254,-0.0205780945214,-0.0100892885617,-6.03193252662e-06,-0.0050098043393,-0.0,-0.0,-0.0,geomproj1,e,0.058603418397,geomproj1,de*,-0.024942939354,geomproj1,J,-0.186948542649,0.183341095812,-0.18695818737,0.0957506744294,0.000117181579961,0.0475141981897,2.11336474066e-30,0.0,0.0,0.191408907852,0.179249552383,0.191526670095,0.0939041192486,5.61410557164e-05,0.046627793547,6.78602670024e-18,0.0,0.0,geomproj1,PM,0.058603418397
8616000000,8616000000,_qdot_,_qdot_,0.0202450281007,-0.0198495002317,0.0202501551973,-0.0103722052366,-1.35911508582e-05,-0.00514684929729,-0.0,-0.0,-0.0,-0.0207287691183,-0.0194061398393,-0.0207456187524,-0.0101727161518,-5.22417300496e-06,-0.00505106229082,-0.0,-0.0,-0.0,geomproj1,e,0.0581054659245,geomproj1,de*,-0.0250459145387,geomproj1,J,-0.186238255835,0.182599712085,-0.186285421071,0.0954160894621,0.000125027844764,0.0473469452057,-1.32202058132e-17,0.0,0.0,0.190688290823,0.17852114693,0.190843294138,0.093580947568,4.80582621957e-05,0.046465780461,6.73485558178e-18,0.0,0.0,geomproj1,PM,0.0581054659245
8636000000,8636000000,_qdot_,_qdot_,0.0203166402202,-0.0199148019125,0.0203259087603,-0.0104120838072,-1.45495274799e-05,-0.00516650327761,-0.0,-0.0,-0.0,-0.0208028113937,-0.0194696051551,-0.0208238575734,-0.0102123861445,-4.37829298619e-06,-0.00507058950286,-0.0,-0.0,-0.0,geomproj1,e,0.0576065732848,geomproj1,de*,-0.0250395612909,geomproj1,J,-0.185522572205,0.181853162518,-0.185607208414,0.0950785439421,0.000132859849522,0.0471782227269,1.1282033616e-19,0.0,0.0,0.189962072323,0.177787822645,0.190154256727,0.0932549932147,3.99806349802e-05,0.0463023805597,-1.34533747125e-19,0.0,0.0,geomproj1,PM,0.0576065732848
8656000000,8656000000,_qdot_,_qdot_,0.0203229870733,-0.0199161161009,0.0203363926995,-0.010418523599,-1.54670611505e-05,-0.00516956376655,-0.0,-0.0,-0.0,-0.0208100392602,-0.0194705058768,-0.0208352399239,-0.0102192647419,-3.51263250136e-06,-0.0050738336444,-0.0,-0.0,-0.0,geomproj1,e,0.0571086159513,geomproj1,de*,-0.0249522979077,geomproj1,J,-0.184804090889,0.181104269603,-0.184925992977,0.0947393104751,0.000140647443426,0.0470086670195,6.58610890216e-18,0.0,0.0,0.189233028244,0.177052178636,0.189462186769,0.0929273793945,3.19416065021e-05,0.0461381592477,-6.61051109099e-18,0.0,0.0,geomproj1,PM,0.0571086159513
8676000000,8676000000,_qdot_,_qdot_,0.0202556795301,-0.0198452843982,0.0202731573219,-0.0103871806916,-1.6325305606e-05,-0.00515387713942,-0.0,-0.0,-0.0,-0.0207418521606,-0.0194008713684,-0.0207710998715,-0.0101890831402,-2.63724091846e-06,-0.00505867759677,-0.0,-0.0,-0.0,geomproj1,e,0.0566131843329,geomproj1,de*,-0.0247751130068,geomproj1,J,-0.184085111744,0.180355410472,-0.184243951206,0.0943994653681,0.000148365583207,0.0468388161312,-2.4523536804e-19,0.0,0.0,0.188503484521,0.17631655203,0.188769289878,0.0925991401888,2.39674402652e-05,0.0459736356558,6.5821481812e-18,0.0,0.0,geomproj1,PM,0.0566131843329
8696000000,8696000000,_qdot_,_qdot_,0.0201310720927,-0.0197183895363,0.0201525146794,-0.0103263933455,-1.71250250557e-05,-0.0051235826135,-0.0,-0.0,-0.0,-0.0206149860881,-0.0192764341392,-0.0206481400509,-0.0101300181075,-1.76629797317e-06,-0.00502918328386,-0.0,-0.0,-0.0,geomproj1,e,0.0561220243359,geomproj1,de*,-0.0245292369323,geomproj1,J,-0.183368225737,0.179609217384,-0.183563540178,0.0940601880179,0.000155986995909,0.0466692607791,1.29703547266e-17,0.0,0.0,0.187776061064,0.175583571028,0.188078051109,0.0922714616741,1.60887072468e-05,0.0458094040607,-1.33519960596e-17,0.0,0.0,geomproj1,PM,0.0561220243359
8716000000,8716000000,_qdot_,_qdot_,0.0198791270864,-0.0194669097335,0.0199042873351,-0.0102001894749,-1.77923820484e-05,-0.00506083421683,-0.0,-0.0,-0.0,-0.0203577133075,-0.0190302056372,-0.0203944526502,-0.0100067656531,-9.07296890771e-07,-0.00496782645365,-0.0,-0.0,-0.0,geomproj1,e,0.055637038494,geomproj1,de*,-0.0241311085462,geomproj1,J,-0.1826562796,0.178868684313,-0.182887460648,0.0937228607976,0.000163482546093,0.0465006911874,6.36834023814e-18,0.0,0.0,0.187053694951,0.174856096378,0.18739126871,0.0919456159758,8.3365569243e-06,0.045646103764,6.57431629691e-20,0.0,0.0,geomproj1,PM,0.055637038494
8736000000,8736000000,_qdot_,_qdot_,0.0195298313237,-0.0191203132691,0.0195584054529,-0.0100238792556,-1.83334026257e-05,-0.00497323135241,-0.0,-0.0,-0.0,-0.0200007260638,-0.0186910058163,-0.0200406902112,-0.00983433722034,-8.22902105975e-08,-0.00488206322371,-0.0,-0.0,-0.0,geomproj1,e,0.0551611985054,geomproj1,de*,-0.0236191857845,geomproj1,J,-0.181953799337,0.178138437868,-0.182220016248,0.093389588698,0.000170807018619,0.0463341605237,2.06675976278e-30,0.0,0.0,0.186340989663,0.17413870429,0.186713324085,0.0916236802841,7.666741314e-07,0.0454847733928,1.31927187863e-17,0.0,0.0,geomproj1,PM,0.0551611985054
8756000000,8756000000,_qdot_,_qdot_,0.0191883036223,-0.0187815715203,0.0192200970627,-0.00985138670509,-1.8836936328e-05,-0.00488752926347,-0.0,-0.0,-0.0,-0.0196516769862,-0.0183594886506,-0.0196946753127,-0.00966562486674,7.01049564832e-07,-0.0047981536052,-0.0,-0.0,-0.0,geomproj1,e,0.0546956681745,geomproj1,de*,-0.0231212011331,geomproj1,J,-0.181262677656,0.177420475064,-0.181563014999,0.0930613131797,0.000177943479781,0.0461701387915,6.50903791184e-18,0.0,0.0,0.185639943012,0.173433261152,0.186046127526,0.0913065104161,-6.62247814043e-06,0.045325849924,-6.53619426571e-18,0.0,0.0,geomproj1,PM,0.0546956681745
8776000000,8776000000,_qdot_,_qdot_,0.0186988699588,-0.0182983382182,0.0187334019186,-0.00960276606643,-1.91438833641e-05,-0.00476406572058,-0.0,-0.0,-0.0,-0.0191511219409,-0.0178867399159,-0.0191965874094,-0.00942218835916,1.42865783832e-06,-0.00467715915331,-0.0,-0.0,-0.0,geomproj1,e,0.054241198701,geomproj1,de*,-0.0224509013542,geomproj1,J,-0.1805842664,0.176716132619,-0.180917758672,0.0927386772216,0.00018488198169,0.0460089468042,-1.28338333436e-17,0.0,0.0,0.184951888218,0.172741123561,0.18539097081,0.0909947486918,-1.37972577079e-05,0.0451696469572,-6.57391153751e-18,0.0,0.0,geomproj1,PM,0.054241198701
8796000000,8796000000,_qdot_,_qdot_,0.0181020231493,-0.0177103527825,0.0181387852214,-0.00929873283159,-1.92731660623e-05,-0.00461312152543,-0.0,-0.0,-0.0,-0.0185405196143,-0.0173116137083,-0.0185878805385,-0.00912434168288,2.08281475285e-06,-0.00452916836553,-0.0,-0.0,-0.0,geomproj1,e,0.0538016518306,geomproj1,de*,-0.0216591047206,geomproj1,J,-0.1799246116,0.176031613671,-0.180290007306,0.0924245251093,0.000191565157632,0.0458520073628,-6.45489628122e-18,0.0,0.0,0.184283036373,0.1720683565,0.184753779109,0.0906911685977,-2.07020857475e-05,0.0450175570054,1.29661961981e-17,0.0,0.0,geomproj1,PM,0.0538016518306
8816000000,8816000000,_qdot_,_qdot_,0.0174877266513,-0.0171057021712,0.0175263459906,-0.00898548032699,-1.9310073549e-05,-0.00445761454514,-0.0,-0.0,-0.0,-0.0179120106684,-0.0167201986624,-0.0179608834934,-0.00881738518371,2.66390477435e-06,-0.0043766698484,-0.0,-0.0,-0.0,geomproj1,e,0.0533787053536,geomproj1,de*,-0.0208541719361,geomproj1,J,-0.179286522691,0.175369956405,-0.179682453345,0.0921203512988,0.000197969467876,0.0457000630917,1.25559650923e-17,0.0,0.0,0.183636339427,0.17141772265,0.184137390194,0.0903970173103,-2.73107095791e-05,0.0448702071878,6.58580391677e-18,0.0,0.0,geomproj1,PM,0.0533787053536
8836000000,8836000000,_qdot_,_qdot_,0.01689109289,-0.0165186874047,0.0169312915219,-0.00868104628913,-1.92970424814e-05,-0.0043064929753,-0.0,-0.0,-0.0,-0.0173015441482,-0.0161460542332,-0.0173516607713,-0.00851904863265,3.18095843458e-06,-0.00422846311724,-0.0,-0.0,-0.0,geomproj1,e,0.0529710613764,geomproj1,de*,-0.0200774410848,geomproj1,J,-0.178668452569,0.174729269224,-0.179093660541,0.0918252665625,0.000204117799941,0.045552673288,-6.34052132515e-18,0.0,0.0,0.183010071648,0.170787677489,0.183540188885,0.09011170837,-3.36471372748e-05,0.0447272989866,1.29304347816e-17,0.0,0.0,geomproj1,PM,0.0529710613764
8856000000,8856000000,_qdot_,_qdot_,0.0162672497615,-0.0159054238564,0.0163086506413,-0.00836238388059,-1.91843745405e-05,-0.00414832331785,-0.0,-0.0,-0.0,-0.0166631600505,-0.015546276803,-0.0167141266839,-0.00820670629593,3.62712259682e-06,-0.0040733176592,-0.0,-0.0,-0.0,geomproj1,e,0.0525792421052,geomproj1,de*,-0.0192756414858,geomproj1,J,-0.178071494127,0.17411072138,-0.178524694062,0.0915398862078,0.000210004167171,0.0454101425972,2.02990079745e-30,0.0,0.0,0.182405375868,0.170179273019,0.182963288526,0.0898357419604,-3.97047533952e-05,0.0445890837273,-1.09887998957e-19,0.0,0.0,geomproj1,PM,0.0525792421052
8876000000,8876000000,_qdot_,_qdot_,0.0155800796943,-0.0152306254448,0.0156221998281,-0.00801092559686,-1.89263289852e-05,-0.00397389524313,-0.0,-0.0,-0.0,-0.0159598705481,-0.014886363572,-0.0160111664089,-0.00786212430275,3.99136292552e-06,-0.00390218398823,-0.0,-0.0,-0.0,geomproj1,e,0.052203992752,geomproj1,de*,-0.0184065090078,geomproj1,J,-0.177497045264,0.173515865582,-0.177976901559,0.0912649775342,0.000215619402371,0.0452728533928,6.30871349979e-20,0.0,0.0,0.181823836635,0.169593840379,0.18240822798,0.0895697493611,-4.54718550714e-05,0.0444558783768,-1.29004355107e-17,0.0,0.0,geomproj1,PM,0.052203992752
8896000000,8896000000,_qdot_,_qdot_,0.0147738062025,-0.0144397990163,0.0148159722287,-0.00759795860701,-1.84462051841e-05,-0.00376896677705,-0.0,-0.0,-0.0,-0.0151345130803,-0.0141130757616,-0.015185394016,-0.00745712563338,4.25116865788e-06,-0.00370107887768,-0.0,-0.0,-0.0,geomproj1,e,0.0518474808835,geomproj1,de*,-0.0174053943963,geomproj1,J,-0.176948849929,0.172948378646,-0.17745388091,0.0910022792293,0.000220933911556,0.0451416735457,-1.09507670989e-19,0.0,0.0,0.181269108792,0.169035148475,0.181878519999,0.0893154943634,-5.09171025094e-05,0.0443285665134,2.35145248219e-19,0.0,0.0,geomproj1,PM,0.0518474808835
8916000000,8916000000,_qdot_,_qdot_,0.0139639628945,-0.013645900338,0.0140058048982,-0.00718288434427,-1.78822476307e-05,-0.00356300493292,-0.0,-0.0,-0.0,-0.0143054394027,-0.0133368142294,-0.0143555322898,-0.00705000630736,4.43411542311e-06,-0.00349893649257,-0.0,-0.0,-0.0,geomproj1,e,0.0515107447326,geomproj1,de*,-0.0164084284446,geomproj1,J,-0.176428849925,0.172410262115,-0.176957506198,0.0907527493142,0.000225934744126,0.0450170819944,2.01412188195e-30,0.0,0.0,0.180743263251,0.168505087984,0.181376165997,0.0890738907115,-5.60231998925e-05,0.0442076039592,-6.25685524489e-20,0.0,0.0,geomproj1,PM,0.0515107447326
8937000000,8936000000,_qdot_,_qdot_,0.0131500399237,-0.0128484101553,0.0131912020131,-0.0067654527901,-1.72370292524e-05,-0.00335588515357,-0.0,-0.0,-0.0,-0.0134721214122,-0.0125570779488,-0.0135210666581,-0.00664052576766,4.54338168908e-06,-0.00329563683081,-0.0,-0.0,-0.0,geomproj1,e,0.0511941691438,geomproj1,de*,-0.0154146882769,geomproj1,J,-0.175938031593,0.171902443258,-0.176488750605,0.0905168694266,0.000230618995439,0.0448993182985,-6.16969060102e-18,0.0,0.0,0.180247249164,0.16800462886,0.180902101185,0.088845436142,-6.07871638255e-05,0.0440932392771,-6.49728250465e-18,0.0,0.0,geomproj1,PM,0.0511941691438
8956000000,8956000000,_qdot_,_qdot_,0.0121959256687,-0.0119143495436,0.012235624036,-0.0062756431165,-1.63315133437e-05,-0.00311287482333,-0.0,-0.0,-0.0,-0.0124951151152,-0.0116438981487,-0.0125420446656,-0.00615995031388,4.53160823913e-06,-0.00305706808651,-0.0,-0.0,-0.0,geomproj1,e,0.0508982814437,geomproj1,de*,-0.014265546331,geomproj1,J,-0.175477530767,0.171426154553,-0.176048719183,0.0902952664663,0.000234981231691,0.0447886943905,1.09071817672e-19,0.0,0.0,0.179782331134,0.167534843286,0.180457563327,0.0886306542112,-6.5201727676e-05,0.0439857353824,1.90472262273e-17,0.0,0.0,geomproj1,PM,0.0508982814437
8976000000,8976000000,_qdot_,_qdot_,0.0111711986525,-0.0109117328831,0.0112088383029,-0.00574923279421,-1.5250235887e-05,-0.00285172164238,-0.0,-0.0,-0.0,-0.0114456877094,-0.0106637576971,-0.0114899633316,-0.00564339403341,4.41682926309e-06,-0.00280065832932,-0.0,-0.0,-0.0,geomproj1,e,0.0506266290837,geomproj1,de*,-0.0130428551809,geomproj1,J,-0.175053270963,0.170987428698,-0.175643086267,0.0900907805388,0.000238971999158,0.0446866282576,-6.19357463091e-20,0.0,0.0,0.179354528935,0.167101644479,0.180048330265,0.0884322815855,-6.92119470652e-05,0.0438864634539,6.24397707749e-18,0.0,0.0,geomproj1,PM,0.0506266290837
8996000000,8996000000,_qdot_,_qdot_,0.0100724521173,-0.0098372355525,0.0101074247025,-0.00518446933003,-1.39877430813e-05,-0.00257155636834,-0.0,-0.0,-0.0,-0.0103203386615,-0.009613416815,-0.0103613061741,-0.0050891395753,4.19740465924e-06,-0.00252555531815,-0.0,-0.0,-0.0,geomproj1,e,0.0503812038406,geomproj1,de*,-0.0117427613881,geomproj1,J,-0.174668769517,0.17058982355,-0.175275237371,0.0899051063168,0.00024256475423,0.0445939659351,-6.17731478941e-20,0.0,0.0,0.178967428588,0.166708529996,0.179677855893,0.0882519705399,-7.27881848887e-05,0.0437962508664,-1.08893192914e-19,0.0,0.0,geomproj1,PM,0.0503812038406
9016000000,9016000000,_qdot_,_qdot_,0.00901193606701,-0.00880045167614,0.00904405515204,-0.00463915499109,-1.27066221021e-05,-0.0023010485091,-0.0,-0.0,-0.0,-0.00923407708187,-0.00859998265957,-0.00927157048797,-0.00455393576724,3.92690949946e-06,-0.00225991980917,-0.0,-0.0,-0.0,geomproj1,e,0.0501601759499,geomproj1,de*,-0.0104945281588,geomproj1,J,-0.174321520164,0.170230692152,-0.174942812602,0.0897370492102,0.000245789324793,0.0445101109345,-6.22956246348e-18,0.0,0.0,0.17861848356,0.166352938975,0.179343733661,0.0880886193346,-7.59597969186e-05,0.0437145418759,1.70474286155e-19,0.0,0.0,geomproj1,PM,0.0501601759499
9036000000,9036000000,_qdot_,_qdot_,0.00806594105425,-0.00787582467047,0.00809534395797,-0.00415260446485,-1.15258478219e-05,-0.0020596965452,-0.0,-0.0,-0.0,-0.00826508029695,-0.00769619743591,-0.0082993033849,-0.00407637914643,3.64973299507e-06,-0.00202290350321,-0.0,-0.0,-0.0,geomproj1,e,0.049963171523,geomproj1,de*,-0.00938510964649,geomproj1,J,-0.174011248198,0.169909756627,-0.174645574179,0.089586556775,0.000248653833761,0.044435034217,6.16984528275e-18,0.0,0.0,0.178307395164,0.166034553587,0.179045709789,0.087942103547,-7.87378174211e-05,0.0436412764748,-1.25004169333e-17,0.0,0.0,geomproj1,PM,0.049963171523
9056000000,9056000000,_qdot_,_qdot_,0.0071838759894,-0.00701388159459,0.00721057853662,-0.00369881551124,-1.0387035353e-05,-0.00183460133613,-0.0,-0.0,-0.0,-0.00736152030157,-0.00685371337586,-0.00739252493788,-0.0036309581687,3.35610243687e-06,-0.00180184343281,-0.0,-0.0,-0.0,geomproj1,e,0.0497875579796,geomproj1,de*,-0.00835468003316,geomproj1,J,-0.173734071563,0.169622945703,-0.174379843046,0.0894517499574,0.000251198927433,0.0443677981483,1.83583888943e-17,0.0,0.0,0.178030202188,0.165749455012,0.178780014923,0.0878106954038,-8.11636144333e-05,0.0435755845957,-6.28676245844e-18,0.0,0.0,geomproj1,PM,0.0497875579796
9076000000,9076000000,_qdot_,_qdot_,0.0063576133979,-0.00620664059925,0.00638164393758,-0.00327363740691,-9.28787492885e-06,-0.00162370262966,-0.0,-0.0,-0.0,-0.00651507540899,-0.00606472527782,-0.00654292156147,-0.00321360155747,3.0513730098e-06,-0.00159471752764,-0.0,-0.0,-0.0,geomproj1,e,0.0496317712731,geomproj1,de*,-0.00739288220731,geomproj1,J,-0.173487727068,0.169367953491,-0.174143476867,0.0893316213844,0.000253449244213,0.0443078968512,-6.18229984636e-18,0.0,0.0,0.17778457947,0.165495342024,0.178544450416,0.087693352051,-8.32664295192e-05,0.043516946041,6.3524651222e-18,0.0,0.0,geomproj1,PM,0.0496317712731
9096000000,9096000000,_qdot_,_qdot_,0.00552133388906,-0.00538981021206,0.00554250228826,-0.00284320002782,-8.13885581796e-06,-0.00141020009312,-0.0,-0.0,-0.0,-0.00565830064017,-0.00526641121758,-0.00568279014797,-0.00279106713221,2.71030141252e-06,-0.00138502828085,-0.0,-0.0,-0.0,geomproj1,e,0.0494952105221,geomproj1,de*,-0.00642331818459,geomproj1,J,-0.173271446843,0.16914394826,-0.173935757177,0.0892257907934,0.00025541496884,0.0442551411277,-1.8364947568e-17,0.0,0.0,0.177569760912,0.165271419856,0.178338294845,0.0875897473241,-8.505514366e-05,0.0434651949989,-6.33018992051e-18,0.0,0.0,geomproj1,PM,0.0494952105221
9116000000,9116000000,_qdot_,_qdot_,0.00473547333074,-0.0046223598855,0.00475384453949,-0.00243864191813,-7.03409847314e-06,-0.0012095373337,-0.0,-0.0,-0.0,-0.00485313031169,-0.00451639308046,-0.00487435637034,-0.00239392775631,2.36756025627e-06,-0.00118794600524,-0.0,-0.0,-0.0,geomproj1,e,0.0493776067484,geomproj1,de*,-0.00551487601257,geomproj1,J,-0.173084986479,0.168950607976,-0.173756467489,0.0891341316794,0.000257101403404,0.0442094672332,1.21899486892e-17,0.0,0.0,0.177385434509,0.165077444358,0.178161262355,0.0874997966185,-8.65360453589e-05,0.0434202885105,1.24894259821e-17,0.0,0.0,geomproj1,PM,0.0493776067484
9136000000,9136000000,_qdot_,_qdot_,0.00397903039499,-0.00388376046541,0.00399461606712,-0.00204917011359,-5.94866674474e-06,-0.00101636021889,-0.0,-0.0,-0.0,-0.00407804929114,-0.00379460624227,-0.00409603933318,-0.002011590537,2.01860211946e-06,-0.000998212951179,-0.0,-0.0,-0.0,geomproj1,e,0.0492778193427,geomproj1,de*,-0.00464279582343,geomproj1,J,-0.172926623729,0.168786241367,-0.17360396906,0.0890558839748,0.000258526011048,0.0441704947434,-1.22861755206e-17,0.0,0.0,0.177229934259,0.164911644476,0.178011772275,0.0874226948169,-8.77274146008e-05,0.0433818237798,-1.08968986248e-19,0.0,0.0,geomproj1,PM,0.0492778193427
9156000000,9156000000,_qdot_,_qdot_,0.00326497830539,-0.00318664710641,0.00327786423105,-0.00168148224977,-4.90710855758e-06,-0.000833989896153,-0.0,-0.0,-0.0,-0.00334635618125,-0.00311339532782,-0.00336121971825,-0.00165063455921,1.67495737939e-06,-0.000819092841526,-0.0,-0.0,-0.0,geomproj1,e,0.04919495949,geomproj1,de*,-0.00382140362242,geomproj1,J,-0.172795066296,0.168649481409,-0.173477038478,0.0889904341311,0.000259702843088,0.0441379163709,5.99814000786e-18,0.0,0.0,0.177101892909,0.164772718762,0.177888527802,0.0873578570546,-8.86451131808e-05,0.0433495075972,-6.20283854751e-18,0.0,0.0,geomproj1,PM,0.04919495949
9176000000,9176000000,_qdot_,_qdot_,0.00258835989276,-0.00252615650843,0.00259863347867,-0.00133303996413,-3.90669357963e-06,-0.000661166687661,-0.0,-0.0,-0.0,-0.00265297477762,-0.00246800701681,-0.00266481995808,-0.00130857191866,1.33853681225e-06,-0.000649350185648,-0.0,-0.0,-0.0,geomproj1,e,0.049128167426,geomproj1,de*,-0.00304451890583,geomproj1,J,-0.172689036109,0.168538978572,-0.173374464612,0.0889371633152,0.000260645032604,0.044111422959,1.97743949015e-30,0.0,0.0,0.176999983059,0.164659386832,0.177790264503,0.0873047152156,-8.93038995662e-05,0.0433230548697,6.2120834304e-18,0.0,0.0,geomproj1,PM,0.049128167426
9196000000,9196000000,_qdot_,_qdot_,0.0019791276225,-0.00193149868666,0.00198701414457,-0.00101928200671,-2.99692348058e-06,-0.000505547371267,-0.0,-0.0,-0.0,-0.00202861136547,-0.00188697552992,-0.00203770248991,-0.00100056099445,1.02877067956e-06,-0.000496506164835,-0.0,-0.0,-0.0,geomproj1,e,0.0490761388375,geomproj1,de*,-0.00234597539554,geomproj1,J,-0.172606513754,0.168452630763,-0.173294324417,0.0888950827174,0.000261371984348,0.0440905216521,1.20153077593e-17,0.0,0.0,0.176922160843,0.164569613428,0.177715029012,0.0872623589743,-8.97226224491e-05,0.0433020070032,6.08629233996e-18,0.0,0.0,geomproj1,PM,0.0490761388375
9216000000,9216000000,_qdot_,_qdot_,0.00142339346283,-0.00138910013021,0.00142907904965,-0.00073306713687,-2.16053882226e-06,-0.000363589483095,-0.0,-0.0,-0.0,-0.0014590379167,-0.00135703447002,-0.00146559202343,-0.000719592211266,7.41830908383e-07,-0.000357081827076,-0.0,-0.0,-0.0,geomproj1,e,0.0490375706839,geomproj1,de*,-0.00170947850784,geomproj1,J,-0.172545459087,0.168388380265,-0.173234672725,0.0888632756689,0.000261903101776,0.0440747522861,-1.70733809354e-19,0.0,0.0,0.176866322445,0.16450134256,0.177660819106,0.0872298290604,-8.99256305403e-05,0.043285886435,6.08382834039e-18,0.0,0.0,geomproj1,PM,0.0490375706839
9236000000,9236000000,_qdot_,_qdot_,0.000960751269621,-0.000937583490748,0.00096459292189,-0.000494793974255,-1.46067587944e-06,-0.000245410056832,-0.0,-0.0,-0.0,-0.000984847813513,-0.000915909759287,-0.000989277152048,-0.000485690779306,5.0091211681e-07,-0.000241013730979,-0.0,-0.0,-0.0,geomproj1,e,0.0490106726474,geomproj1,de*,-0.00117999406271,geomproj1,J,-0.172503047594,0.168343269109,-0.173192816888,0.0888403390027,0.000262264593052,0.0440634158418,-6.14346200179e-18,0.0,0.0,0.176829585991,0.16445174708,0.17762487445,0.0872058588607,-8.9938852499e-05,0.0432740548159,-1.23219005317e-17,0.0,0.0,geomproj1,PM,0.0490106726474
9256000000,9256000000,_qdot_,_qdot_,0.000565408261712,-0.000551764440953,0.000567668913589,-0.000291183958114,-8.6046381468e-07,-0.000144422897535,-0.0,-0.0,-0.0,-0.000579611278007,-0.000538991187017,-0.000582218666249,-0.000285821355447,2.94359396133e-07,-0.000141833106425,-0.0,-0.0,-0.0,geomproj1,e,0.0489936651923,geomproj1,de*,-0.000727772155432,geomproj1,J,-0.172476444404,0.168314429358,-0.173166050878,0.0888249733227,0.000262482438521,0.0440558611257,2.41307264591e-17,0.0,0.0,0.176809040717,0.164417978648,0.177604418294,0.0871891241436,-8.97936331319e-05,0.043265851512,-1.86948637651e-17,0.0,0.0,geomproj1,PM,0.0489936651923
9276000000,9276000000,_qdot_,_qdot_,0.000260916757406,-0.000254617246881,0.000261958922805,-0.000134368266668,-3.97259320028e-07,-6.66447898949e-05,-0.0,-0.0,-0.0,-0.000267481150188,-0.000248714377622,-0.000268683730652,-0.000131890983541,1.35430196477e-07,-6.54484480654e-05,-0.0,-0.0,-0.0,geomproj1,e,0.0489847078503,geomproj1,de*,-0.00037957907434,geomproj1,J,-0.172462717417,0.16829881965,-0.173151575728,0.0888157458132,0.000262583448194,0.0440513736305,6.21650643088e-18,0.0,0.0,0.176801699047,0.164397096805,0.177596589712,0.0871782926108,-8.95176681521e-05,0.0432606066253,1.25649199837e-17,0.0,0.0,geomproj1,PM,0.0489847078503
9296000000,9296000000,_qdot_,_qdot_,4.75729827403e-05,-4.64239048542e-05,4.77626791914e-05,-2.4498678144e-05,-7.24378734367e-08,-1.21510326201e-05,-0.0,-0.0,-0.0,-4.87717107382e-05,-4.53461021458e-05,-4.89907298817e-05,-2.4046503449e-05,2.45907641579e-08,-1.19326720409e-05,-0.0,-0.0,-0.0,geomproj1,e,0.0489817636596,geomproj1,de*,-0.000135650697837,geomproj1,J,-0.172458633862,0.168293067799,-0.173146309701,0.088811092363,0.000262597297314,0.0440491717139,1.2124787327e-17,0.0,0.0,0.176804188439,0.1643858841,0.177598163088,0.0871718966334,-8.91449168836e-05,0.0432575844513,-1.25033629891e-17,0.0,0.0,geomproj1,PM,0.0489817636596
9316000000,9316000000,_qdot_,_qdot_,-5.86663026025e-05,5.72487930792e-05,-5.88997366142e-05,3.02104726046e-05,8.93147572333e-08,1.49840496182e-05,-0.0,-0.0,-0.0,6.01468414267e-05,5.59177477701e-05,6.0416527817e-05,2.96522226115e-05,-3.01772568827e-08,1.47144720195e-05,-0.0,-0.0,-0.0,geomproj1,e,0.048982526369,geomproj1,de*,-1.4184480424e-05,geomproj1,J,-0.172460464725,0.16829343288,-0.173146687247,0.0888092808617,0.00026255727489,0.0440483897224,1.2186291704e-17,0.0,0.0,0.176812782875,0.164380578611,0.17760557598,0.0871682015883,-8.87116370936e-05,0.0432559164306,1.85706565606e-17,0.0,0.0,geomproj1,PM,0.048982526369
9336000000,9336000000,_qdot_,_qdot_,-7.10711712238e-05,6.93533972407e-05,-7.13533191864e-05,3.6597252601e-05,1.08173393957e-07,1.81518689526e-05,-0.0,-0.0,-0.0,7.28675347696e-05,6.77385738295e-05,7.31937135711e-05,3.59201747933e-05,-3.63701295311e-08,1.78249199698e-05,-0.0,-0.0,-0.0,geomproj1,e,0.0489846076194,geomproj1,de*,0.0,geomproj1,J,-0.172464403783,0.168295978517,-0.173149076335,0.0888084893107,0.000262498275641,0.0440481168743,-6.0931827569e-18,0.0,0.0,0.17682353791,0.164377377599,0.177615057615,0.0871654627725,-8.82573425637e-05,0.0432547282132,6.2390615523e-18,0.0,0.0,geomproj1,PM,0.0489846076194
9357000000,9356000000,_qdot_,_qdot_,-7.10697284793e-05,6.93514534534e-05,-7.13512242186e-05,3.65953466932e-05,1.08144061697e-07,1.81509729442e-05,-0.0,-0.0,-0.0,7.28688162371e-05,6.77343368043e-05,7.31944549485e-05,3.59174956169e-05,-3.61813260735e-08,1.78236611607e-05,-0.0,-0.0,-0.0,geomproj1,e,0.0489867418654,geomproj1,de*,0.0,geomproj1,J,-0.172468432133,0.168298608974,-0.173151551793,0.0888077413911,0.000262438553861,0.044047865559,-6.03137170964e-18,0.0,0.0,0.176834367553,0.164374271862,0.177624611151,0.0871627665917,-8.78030170354e-05,0.0432535618332,-6.25250632058e-18,0.0,0.0,geomproj1,PM,0.0489867418654
9376000000,9376000000,_qdot_,_qdot_,-7.10682924636e-05,6.93495097488e-05,-7.1349136336e-05,3.65934363428e-05,1.08114750951e-07,1.81500750267e-05,-0.0,-0.0,-0.0,7.28701098546e-05,6.77301051879e-05,7.31952073411e-05,3.5914823598e-05,-3.59920542932e-08,1.78224054628e-05,-0.0,-0.0,-0.0,geomproj1,e,0.0489888659832,geomproj1,de*,0.0,geomproj1,J,-0.172472444129,0.168301207626,-0.173154011498,0.0888069656149,0.00026237882882,0.0440476011518,-5.92058315113e-18,0.0,0.0,0.176845193755,0.164371147497,0.17763415823,0.0871600708513,-8.73474985536e-05,0.0432523946174,6.19365407846e-20,0.0,0.0,geomproj1,PM,0.0489888659832
9396000000,9396000000,_qdot_,_qdot_,-7.10668555278e-05,6.93475661187e-05,-7.1347048217e-05,3.65915245058e-05,1.08085455635e-07,1.81491764754e-05,-0.0,-0.0,-0.0,7.28714056645e-05,6.77258752283e-05,7.31959616909e-05,3.59121543358e-05,-3.58026950144e-08,1.7821150854e-05,-0.0,-0.0,-0.0,geomproj1,e,0.0489909891102,geomproj1,de*,0.0,geomproj1,J,-0.172476449767,0.168303802318,-0.17315646635,0.0888061838595,0.000262319129233,0.0440473340408,1.97461867373e-30,0.0,0.0,0.176856021632,0.164368022617,0.177643706281,0.0871573793059,-8.68917258589e-05,0.0432512288215,-1.25551282435e-17,0.0,0.0,geomproj1,PM,0.0489909891102
9416000000,9416000000,_qdot_,_qdot_,-7.10654122534e-05,6.93456240355e-05,-7.13449526549e-05,3.65896179183e-05,1.08056121707e-07,1.81482802211e-05,-0.0,-0.0,-0.0,7.28726923677e-05,6.7721635418e-05,7.31967080684e-05,3.59094744862e-05,-3.56135387565e-08,1.78198915446e-05,-0.0,-0.0,-0.0,geomproj1,e,0.0489931218388,geomproj1,de*,0.0,geomproj1,J,-0.172480471026,0.168306430906,-0.173158934129,0.0888054305616,0.000262259377357,0.0440470803108,-6.15544785533e-18,0.0,0.0,0.176866859784,0.164364902773,0.177653267389,0.0871546773215,-8.64364216689e-05,0.043250059203,-6.12920708104e-18,0.0,0.0,geomproj1,PM,0.0489931218388
9436000000,9436000000,_qdot_,_qdot_,-7.10639703647e-05,6.93436807989e-05,-7.13428589102e-05,3.65877125142e-05,1.08026799435e-07,1.81473844483e-05,-0.0,-0.0,-0.0,7.28739735245e-05,6.77173998204e-05,7.3197449345e-05,3.59067962057e-05,-3.54247326033e-08,1.78186332083e-05,-0.0,-0.0,-0.0,geomproj1,e,0.0489952554095,geomproj1,de*,0.0,geomproj1,J,-0.172484497799,0.16830905868,-0.173161408342,0.0888046809973,0.000262199651296,0.0440468281869,-6.09338141133e-18,0.0,0.0,0.176877687266,0.164361794597,0.177662818805,0.0871519798196,-8.59819284146e-05,0.0432488922957,-6.31591825985e-18,0.0,0.0,geomproj1,PM,0.0489952554095
9463000000,9456000000,_qdot_,_qdot_,-7.10625319996e-05,6.93417306609e-05,-7.13407691051e-05,3.65857974957e-05,1.07997494759e-07,1.81464842868e-05,-0.0,-0.0,-0.0,7.28752600082e-05,6.7713169211e-05,7.31981946609e-05,3.59041254412e-05,-3.52353565527e-08,1.78173779461e-05,-0.0,-0.0,-0.0,geomproj1,e,0.0489973860249,geomproj1,de*,0.0,geomproj1,J,-0.172488523055,0.168311659762,-0.173163881869,0.0888039026647,0.000262139946895,0.044046562727,1.24554165592e-19,0.0,0.0,0.176888517934,0.164358688326,0.177672370123,0.0871492950595,-8.55260070259e-05,0.043247730135,1.94398533206e-30,0.0,0.0,geomproj1,PM,0.0489973860249
9476000000,9476000000,_qdot_,_qdot_,-7.10610923064e-05,6.93397880663e-05,-7.13386779451e-05,3.65838917906e-05,1.07968185143e-07,1.81455884026e-05,-0.0,-0.0,-0.0,7.28765430922e-05,6.77089364276e-05,7.31989378763e-05,3.59014496034e-05,-3.50464580338e-08,1.78161207421e-05,-0.0,-0.0,-0.0,geomproj1,e,0.0489995167297,geomproj1,de*,0.0,geomproj1,J,-0.172492545143,0.168314279095,-0.173166352029,0.0888031467203,0.000262080224851,0.0440463075517,-1.20621966037e-17,0.0,0.0,0.176899340992,0.164355576227,0.177681916872,0.0871465976024,-8.50712049068e-05,0.0432465630858,-6.06724786726e-18,0.0,0.0,geomproj1,PM,0.0489995167297
9496000000,9496000000,_qdot_,_qdot_,-7.10596516419e-05,6.93378438295e-05,-7.13365855188e-05,3.65819826001e-05,1.07938868598e-07,1.81446909532e-05,-0.0,-0.0,-0.0,7.28778304071e-05,6.77047007853e-05,7.31996846412e-05,3.58987736294e-05,-3.48572321681e-08,1.78148632418e-05,-0.0,-0.0,-0.0,geomproj1,e,0.049001647634,geomproj1,de*,0.0,geomproj1,J,-0.172496565442,0.168316894882,-0.173168819548,0.0888023823615,0.000262020481111,0.0440460486101,1.19996575766e-17,0.0,0.0,0.176910175488,0.164352457124,0.177691473295,0.0871438996894,-8.46155686227e-05,0.0432453952705,4.9346044801e-20,0.0,0.0,geomproj1,PM,0.049001647634
9516000000,9516000000,_qdot_,_qdot_,-7.10582210909e-05,6.93358889119e-05,-7.13345042816e-05,3.65800667583e-05,1.07909591385e-07,1.81437902746e-05,-0.0,-0.0,-0.0,7.28791079492e-05,6.77004816991e-05,7.32004216853e-05,3.58961088208e-05,-3.46681598404e-08,1.7813611086e-05,-0.0,-0.0,-0.0,geomproj1,e,0.0490037767162,geomproj1,de*,0.0,geomproj1,J,-0.172500603314,0.168319477817,-0.173171307088,0.0888015980163,0.000261960816517,0.0440457799353,-6.09354002472e-18,0.0,0.0,0.176920979687,0.164349370959,0.177700999401,0.0871412249441,-8.41602617746e-05,0.0432442384901,6.25318671674e-20,0.0,0.0,geomproj1,PM,0.0490037767162
9536000000,9536000000,_qdot_,_qdot_,-7.10567739402e-05,6.93339655306e-05,-7.13324052631e-05,3.65781702755e-05,1.07880265232e-07,1.81428990432e-05,-0.0,-0.0,-0.0,7.28804166688e-05,6.7696232844e-05,7.32011898466e-05,3.5893424925e-05,-3.44788158395e-08,1.78123498388e-05,-0.0,-0.0,-0.0,geomproj1,e,0.0490058980961,geomproj1,de*,0.0,geomproj1,J,-0.172504577021,0.168322113907,-0.173173727365,0.0888008481343,0.000261900991148,0.0440455279888,-6.04405251517e-18,0.0,0.0,0.176931835677,0.164346189182,0.177710576933,0.0871384913945,-8.37042439834e-05,0.0432430534669,-1.12145022584e-19,0.0,0.0,geomproj1,PM,0.0490058980961
9556000000,9556000000,_qdot_,_qdot_,-7.10553453427e-05,6.93320103477e-05,-7.13303261601e-05,3.65762545766e-05,1.07850995409e-07,1.81419984177e-05,-0.0,-0.0,-0.0,7.28816934856e-05,6.7692015957e-05,7.32019263124e-05,3.58907613328e-05,-3.42897939567e-08,1.78110983191e-05,-0.0,-0.0,-0.0,geomproj1,e,0.0490080260973,geomproj1,de*,0.0,geomproj1,J,-0.172508615444,0.168324691877,-0.173176215606,0.0888000614831,0.000261841326681,0.0440452581481,1.21245340566e-17,0.0,0.0,0.176942634981,0.164343103155,0.177720098257,0.0871358166636,-8.32489779735e-05,0.0432418968023,1.94368562445e-30,0.0,0.0,geomproj1,PM,0.0490080260973
9576000000,9576000000,_qdot_,_qdot_,-7.10539110402e-05,6.93300687516e-05,-7.13282409882e-05,3.65743460754e-05,1.07821711112e-07,1.81411013698e-05,-0.0,-0.0,-0.0,7.28829860718e-05,6.76877879294e-05,7.32026783335e-05,3.58880914611e-05,-3.41005229771e-08,1.78098437728e-05,-0.0,-0.0,-0.0,geomproj1,e,0.0490101485495,geomproj1,de*,0.0,geomproj1,J,-0.172512622533,0.168327285657,-0.173178671426,0.0887992830587,0.000261781594815,0.0440449924166,-1.21873144672e-17,0.0,0.0,0.176953455218,0.164339972821,0.177729639803,0.087133117446,-8.27930589943e-05,0.0432407282184,6.31864596407e-18,0.0,0.0,geomproj1,PM,0.0490101485495
9596000000,9596000000,_qdot_,_qdot_,-7.10524688243e-05,6.93281214788e-05,-7.1326147669e-05,3.65724374935e-05,1.07792405176e-07,1.81402040717e-05,-0.0,-0.0,-0.0,7.28842626193e-05,6.7683554731e-05,7.32034152286e-05,3.58854153504e-05,-3.39115712299e-08,1.78085863636e-05,-0.0,-0.0,-0.0,geomproj1,e,0.0490122855219,geomproj1,de*,0.0,geomproj1,J,-0.172516656144,0.168329910165,-0.173181153239,0.088798527733,0.00026172187408,0.0440447376425,-1.21245223893e-17,0.0,0.0,0.176964284009,0.164336872896,0.177739192212,0.0871304257685,-8.23378971901e-05,0.0432395639578,6.14349390132e-18,0.0,0.0,geomproj1,PM,0.0490122855219
9616000000,9616000000,_qdot_,_qdot_,-7.10510343987e-05,6.93261800892e-05,-7.13240625112e-05,3.6570529344e-05,1.07763123907e-07,1.81393071819e-05,-0.0,-0.0,-0.0,7.28855546117e-05,6.76793268058e-05,7.32041667789e-05,3.58827454166e-05,-3.37223086266e-08,1.78073318209e-05,-0.0,-0.0,-0.0,geomproj1,e,0.0490144083029,geomproj1,de*,0.0,geomproj1,J,-0.172520663257,0.168332504534,-0.173183609145,0.0887977498355,0.000261662138608,0.0440444721533,5.967820297e-18,0.0,0.0,0.176975104302,0.16433374191,0.177748733889,0.0871277257418,-8.1881919103e-05,0.0432383950858,1.94350574193e-30,0.0,0.0,geomproj1,PM,0.0490144083029
9636000000,9636000000,_qdot_,_qdot_,-7.10495930645e-05,6.93242396792e-05,-7.13219698715e-05,3.65686243589e-05,1.07733816113e-07,1.81384116743e-05,-0.0,-0.0,-0.0,7.28868402815e-05,6.76750904361e-05,7.32049127256e-05,3.58800676195e-05,-3.35331535192e-08,1.78060736253e-05,-0.0,-0.0,-0.0,geomproj1,e,0.0490165395394,geomproj1,de*,0.0,geomproj1,J,-0.172524680362,0.168335127284,-0.173186073617,0.0887969931521,0.000261602373601,0.0440442167423,-1.22375293194e-17,0.0,0.0,0.176985937284,0.164330615312,0.177758290008,0.0871250197282,-8.14261749141e-05,0.0432372238632,1.88202942302e-17,0.0,0.0,geomproj1,PM,0.0490165395394
9656000000,9656000000,_qdot_,_qdot_,-7.10481531069e-05,6.9322298273e-05,-7.13198790381e-05,3.65667206559e-05,1.07704519914e-07,1.8137516696e-05,-0.0,-0.0,-0.0,7.28881205775e-05,6.76708582092e-05,7.32056537449e-05,3.58773913463e-05,-3.33443487026e-08,1.7804816381e-05,-0.0,-0.0,-0.0,geomproj1,e,0.0490186715148,geomproj1,de*,0.0,geomproj1,J,-0.172528702633,0.168337749281,-0.173188544168,0.088796240274,0.000261542633775,0.0440439629704,1.19351157533e-17,0.0,0.0,0.176996759672,0.164327499904,0.177767836512,0.0871223179231,-8.09712423228e-05,0.0432360552176,6.24401336782e-18,0.0,0.0,geomproj1,PM,0.0490186715148
9676000000,9676000000,_qdot_,_qdot_,-7.10467168082e-05,6.93203498552e-05,-7.131779228e-05,3.65648072764e-05,1.07675241496e-07,1.81366172986e-05,-0.0,-0.0,-0.0,7.28894061051e-05,6.76666311214e-05,7.32063987107e-05,3.5874722678e-05,-3.31549738425e-08,1.78035622543e-05,-0.0,-0.0,-0.0,geomproj1,e,0.0490208005038,geomproj1,de*,0.0,geomproj1,J,-0.172532723616,0.16834034421,-0.173191014267,0.0887954584152,0.000261482915973,0.044043695758,-5.96742749371e-18,0.0,0.0,0.177007584911,0.164324386682,0.177777382588,0.0871196290366,-8.05148808481e-05,0.0432348914038,1.22619070735e-17,0.0,0.0,geomproj1,PM,0.0490208005038
9696000000,9696000000,_qdot_,_qdot_,-7.10452797085e-05,6.9318421904e-05,-7.13157045243e-05,3.65629105e-05,1.07645957253e-07,1.81357257869e-05,-0.0,-0.0,-0.0,7.28907048839e-05,6.7662396792e-05,7.32071578993e-05,3.58720464659e-05,-3.29659842983e-08,1.78023050279e-05,-0.0,-0.0,-0.0,geomproj1,e,0.0490229189922,geomproj1,de*,0.0,geomproj1,J,-0.172536709219,0.168342956107,-0.173193448245,0.0887946994231,0.000261423127636,0.0440434390492,1.9741412252e-30,0.0,0.0,0.177018408611,0.164321223426,0.177786929224,0.0871169045372,-8.00593997284e-05,0.0432337114954,-1.2565619458e-17,0.0,0.0,geomproj1,PM,0.0490229189922
9716000000,9716000000,_qdot_,_qdot_,-7.10438442979e-05,6.93164741855e-05,-7.13136188451e-05,3.6560997667e-05,1.07616684597e-07,1.81348266478e-05,-0.0,-0.0,-0.0,7.28919907711e-05,6.765817066e-05,7.32079033498e-05,3.58693783793e-05,-3.27766062135e-08,1.78010512049e-05,-0.0,-0.0,-0.0,geomproj1,e,0.0490250469797,geomproj1,de*,0.0,geomproj1,J,-0.172540728386,0.16834554863,-0.173195916704,0.088793916353,0.000261363406363,0.044043171226,-6.03054887853e-18,0.0,0.0,0.177029231814,0.164318107534,0.177796473325,0.0871142142361,-7.96029489393e-05,0.0432325470459,-1.86472039323e-17,0.0,0.0,geomproj1,PM,0.0490250469797
9736000000,9736000000,_qdot_,_qdot_,-7.10424070593e-05,6.93145336563e-05,-7.13115312987e-05,3.6559093916e-05,1.07587406042e-07,1.8133931675e-05,-0.0,-0.0,-0.0,7.28932727737e-05,6.76539420349e-05,7.32086461988e-05,3.58667050191e-05,-3.25877088681e-08,1.77997953427e-05,-0.0,-0.0,-0.0,geomproj1,e,0.0490271757232,geomproj1,de*,0.0,geomproj1,J,-0.172544745334,0.168348160665,-0.173198382721,0.0887931562357,0.000261303668401,0.0440429139761,-6.20787047358e-18,0.0,0.0,0.177040048443,0.164314987096,0.177806013865,0.0871115118372,-7.91476268952e-05,0.0432313780111,1.23392248568e-17,0.0,0.0,geomproj1,PM,0.0490271757232
9756000000,9756000000,_qdot_,_qdot_,-7.10409679198e-05,6.93125915417e-05,-7.13094414668e-05,3.65571870359e-05,1.07558116889e-07,1.81330352925e-05,-0.0,-0.0,-0.0,7.28945582876e-05,6.76497094119e-05,7.32093919287e-05,3.58640305223e-05,-3.23985063934e-08,1.77985387277e-05,-0.0,-0.0,-0.0,geomproj1,e,0.0490293057579,geomproj1,de*,0.0,geomproj1,J,-0.17254876175,0.168350772722,-0.173200847152,0.0887923903745,0.000261243905155,0.0440426542332,-1.83325567688e-17,0.0,0.0,0.177050878376,0.164311860235,0.177815566083,0.0871088083285,-7.86915258116e-05,0.0432302079822,-6.06793195886e-18,0.0,0.0,geomproj1,PM,0.0490293057579
9776000000,9776000000,_qdot_,_qdot_,-7.10395403304e-05,6.9310638375e-05,-7.13073644116e-05,3.65552726899e-05,1.07528873073e-07,1.81321353169e-05,-0.0,-0.0,-0.0,7.28958350355e-05,6.76454952462e-05,7.3210128841e-05,3.58613689101e-05,-3.2209417306e-08,1.77972882368e-05,-0.0,-0.0,-0.0,geomproj1,e,0.0490314323869,geomproj1,de*,0.0,geomproj1,J,-0.172552794128,0.168353346021,-0.173203330341,0.0887915999092,0.000261184227993,0.0440423825645,6.03041261907e-18,0.0,0.0,0.177061675191,0.164308766085,0.177825084893,0.0871061295994,-7.82356547852e-05,0.0432290496092,-6.25890444897e-18,0.0,0.0,geomproj1,PM,0.0490314323869
9796000000,9796000000,_qdot_,_qdot_,-7.1038108011e-05,6.93086984589e-05,-7.13052822002e-05,3.65533658021e-05,1.07499614836e-07,1.81312390206e-05,-0.0,-0.0,-0.0,7.28971266013e-05,6.76412706761e-05,7.32108804456e-05,3.58587010939e-05,-3.20201475377e-08,1.77960348067e-05,-0.0,-0.0,-0.0,geomproj1,e,0.0490335533055,geomproj1,de*,0.0,geomproj1,J,-0.172556797058,0.168355933867,-0.173205782844,0.0887908180708,0.000261124482906,0.0440421151363,6.01733622356e-18,0.0,0.0,0.17707249015,0.164305628959,0.177834621349,0.0871034263252,-7.77792969876e-05,0.0432278794094,1.94296554656e-30,0.0,0.0,geomproj1,PM,0.0490335533055
9816000000,9816000000,_qdot_,_qdot_,-7.1036662684e-05,6.93067731886e-05,-7.13031864949e-05,3.6551471245e-05,1.07470324217e-07,1.81303485476e-05,-0.0,-0.0,-0.0,7.28984236337e-05,6.76370288006e-05,7.32116383475e-05,3.58560197233e-05,-3.18311248198e-08,1.77947750605e-05,-0.0,-0.0,-0.0,geomproj1,e,0.049035678247,geomproj1,de*,0.0,geomproj1,J,-0.172560780921,0.168358569401,-0.173208215009,0.0887900723868,0.00026106467241,0.0440418649402,6.15794375165e-18,0.0,0.0,0.177083331829,0.164302461123,0.177844186486,0.0871006960403,-7.73235052007e-05,0.0432266968171,-6.13188954543e-18,0.0,0.0,geomproj1,PM,0.049035678247
9836000000,9836000000,_qdot_,_qdot_,-7.10352253638e-05,6.93048317204e-05,-7.13010989316e-05,3.65495646525e-05,1.07441048524e-07,1.81294523107e-05,-0.0,-0.0,-0.0,7.2899709644e-05,6.76327986895e-05,7.32123847452e-05,3.58533470479e-05,-3.16419001285e-08,1.77935193429e-05,-0.0,-0.0,-0.0,geomproj1,e,0.04903780642,geomproj1,de*,0.0,geomproj1,J,-0.172564794287,0.168361175286,-0.173210676908,0.0887893023953,0.000261004907658,0.0440416031977,-1.82825122414e-17,0.0,0.0,0.177094157636,0.164299330834,0.177853734511,0.0870979915407,-7.68671874913e-05,0.0432255263402,-6.13202337547e-18,0.0,0.0,geomproj1,PM,0.04903780642
9856000000,9856000000,_qdot_,_qdot_,-7.10337979847e-05,6.93028794853e-05,-7.12990223759e-05,3.65476513598e-05,1.07411811704e-07,1.81285528205e-05,-0.0,-0.0,-0.0,7.29009857339e-05,6.76285850069e-05,7.32131212734e-05,3.58506854514e-05,-3.14528301468e-08,1.77922689288e-05,-0.0,-0.0,-0.0,geomproj1,e,0.0490399329897,geomproj1,de*,0.0,geomproj1,J,-0.172568825536,0.168363748784,-0.173213159121,0.0887885126545,0.000260945222139,0.0440413318401,1.21884201774e-17,0.0,0.0,0.177104953493,0.164296233883,0.17786325257,0.087095310381,-7.64112030078e-05,0.0432243669883,2.42911810561e-19,0.0,0.0,geomproj1,PM,0.0490399329897
9876000000,9876000000,_qdot_,_qdot_,-7.10323659279e-05,6.9300940196e-05,-7.12969407419e-05,3.65457451898e-05,1.07382561251e-07,1.81276568542e-05,-0.0,-0.0,-0.0,7.29022766524e-05,6.7624361146e-05,7.32138724649e-05,3.58480179322e-05,-3.12635690319e-08,1.77910156983e-05,-0.0,-0.0,-0.0,geomproj1,e,0.0490420538535,geomproj1,de*,0.0,geomproj1,J,-0.172572827462,0.168366336094,-0.173215610834,0.0887877307296,0.000260885470633,0.0440410643475,1.20603627817e-17,0.0,0.0,0.177115767523,0.164293094504,0.177872788209,0.0870926053587,-7.59547064764e-05,0.0432231961072,1.79190265403e-19,0.0,0.0,geomproj1,PM,0.0490420538535
9896000000,9896000000,_qdot_,_qdot_,-7.10309269699e-05,6.92990018716e-05,-7.12948516368e-05,3.65438421699e-05,1.07353284372e-07,1.81267622635e-05,-0.0,-0.0,-0.0,7.29035612416e-05,6.76201288618e-05,7.32146180451e-05,3.58453425679e-05,-3.10744153097e-08,1.77897588228e-05,-0.0,-0.0,-0.0,geomproj1,e,0.0490441831771,geomproj1,de*,0.0,geomproj1,J,-0.172576839393,0.168368951755,-0.173218071133,0.0887869699862,0.000260825689679,0.0440408069178,-5.9148370359e-18,0.0,0.0,0.177126594236,0.164289959545,0.17788233828,0.0870898943775,-7.5498442846e-05,0.0432220228873,6.44018358058e-18,0.0,0.0,geomproj1,PM,0.0490441831771
9916000000,9916000000,_qdot_,_qdot_,-7.10294967349e-05,6.92970660562e-05,-7.12927724702e-05,3.65419373564e-05,1.07324053064e-07,1.81258670217e-05,-0.0,-0.0,-0.0,7.29048581346e-05,6.76159075071e-05,7.32153749572e-05,3.58426779402e-05,-3.08851943251e-08,1.77885069111e-05,-0.0,-0.0,-0.0,geomproj1,e,0.0490462986303,geomproj1,de*,0.0,geomproj1,J,-0.172580827381,0.168371529362,-0.173220510137,0.0887861814173,0.000260765945518,0.0440405362758,-6.09432670707e-18,0.0,0.0,0.177137405097,0.164286807568,0.177891869829,0.0870871862936,-7.50419563066e-05,0.0432208502344,-1.24578339081e-17,0.0,0.0,geomproj1,PM,0.0490462986303
9937000000,9936000000,_qdot_,_qdot_,-7.10280585748e-05,6.92951297028e-05,-7.12906842848e-05,3.65400358264e-05,1.07294780115e-07,1.81249731378e-05,-0.0,-0.0,-0.0,7.29061441462e-05,6.76116754344e-05,7.32161221233e-05,3.58400024973e-05,-3.06960470599e-08,1.77872500577e-05,-0.0,-0.0,-0.0,geomproj1,e,0.0490484262999,geomproj1,de*,0.0,geomproj1,J,-0.172584835293,0.168374143773,-0.173222966418,0.0887854207373,0.000260706153674,0.04404027882,6.04304141345e-18,0.0,0.0,0.177148230316,0.164283666242,0.177901418552,0.0870844712924,-7.45856261918e-05,0.0432196751978,1.1564956348e-19,0.0,0.0,geomproj1,PM,0.0490484262999
9956000000,9956000000,_qdot_,_qdot_,-7.10266214278e-05,6.92931906961e-05,-7.12885975856e-05,3.65381344417e-05,1.07265519352e-07,1.8124079239e-05,-0.0,-0.0,-0.0,7.29074231063e-05,6.76074479341e-05,7.32168626431e-05,3.58373289867e-05,-3.05072473087e-08,1.77859943208e-05,-0.0,-0.0,-0.0,geomproj1,e,0.0490505560751,geomproj1,de*,0.0,geomproj1,J,-0.172588851795,0.168376757602,-0.173225432325,0.0887846633174,0.000260646394971,0.0440400227805,6.02999631114e-18,0.0,0.0,0.177159045275,0.164280541256,0.177910957914,0.0870817636667,-7.41301033134e-05,0.0432185042193,-1.24458848426e-17,0.0,0.0,geomproj1,PM,0.0490505560751
9977000000,9976000000,_qdot_,_qdot_,-7.10251886306e-05,6.92912465585e-05,-7.12865157129e-05,3.65362243616e-05,1.07236278692e-07,1.81231814046e-05,-0.0,-0.0,-0.0,7.29087095113e-05,6.76032258013e-05,7.32176093645e-05,3.58346633212e-05,-3.0317834702e-08,1.77847418204e-05,-0.0,-0.0,-0.0,geomproj1,e,0.0490526808188,geomproj1,de*,0.0,geomproj1,J,-0.17259286218,0.16837934257,-0.173227893075,0.0887838759374,0.000260586654198,0.0440397528078,6.15894066591e-18,0.0,0.0,0.177169861777,0.164277412825,0.177920495613,0.0870790662736,-7.36730442708e-05,0.0432173367378,-1.28990552325e-19,0.0,0.0,geomproj1,PM,0.0490526808188
10006000000,10006000000,_qdot_,_qdot_,-7.10230433603e-05,6.9288330316e-05,-7.1283397161e-05,3.65333626377e-05,1.07192430451e-07,1.8121836133e-05,-0.0,-0.0,-0.0,7.2910632316e-05,6.75968983112e-05,7.32187234341e-05,3.58306660893e-05,-3.00342060678e-08,1.77828640924e-05,-0.0,-0.0,-0.0,geomproj1,e,0.049055867297,geomproj1,de*,0.0,geomproj1,J,-0.172598884591,0.168383217079,-0.173231591576,0.0887827012658,0.000260497059225,0.0440393505447,5.16395464452e-20,0.0,0.0,0.177186068312,0.164272730347,0.177934785642,0.0870750211281,-7.29885713371e-05,0.0432155869696,-1.872259505e-17,0.0,0.0,geomproj1,PM,0.049055867297
10026000000,10026000000,_qdot_,_qdot_,-7.10216065202e-05,6.92863965796e-05,-7.12813111085e-05,3.6531462181e-05,1.0716317984e-07,1.81209428233e-05,-0.0,-0.0,-0.0,7.2911922328e-05,6.75926689739e-05,7.32194744738e-05,3.58279935298e-05,-2.9845111625e-08,1.778160859e-05,-0.0,-0.0,-0.0,geomproj1,e,0.0490579910277,geomproj1,de*,0.0,geomproj1,J,-0.172602881175,0.168385823158,-0.173234037839,0.0887819346102,0.000260437273987,0.0440390902735,6.27569008256e-18,0.0,0.0,0.177196890953,0.164269579116,0.177944330909,0.0870723039504,-7.25321843291e-05,0.0432144107258,-6.26271073633e-18,0.0,0.0,geomproj1,PM,0.0490579910277
10045000000,10046000000,_qdot_,_qdot_,-7.10201769716e-05,6.92844596834e-05,-7.12792327976e-05,3.65295577887e-05,1.07133952392e-07,1.81200477028e-05,-0.0,-0.0,-0.0,7.29132141386e-05,6.7588448413e-05,7.32202270239e-05,3.58253281535e-05,-2.96558364602e-08,1.77803564756e-05,-0.0,-0.0,-0.0,geomproj1,e,0.049060108928,geomproj1,de*,0.0,geomproj1,J,-0.172606876517,0.168388402945,-0.173236483748,0.0887811483906,0.000260377510727,0.0440388206518,6.146401318e-18,0.0,0.0,0.177207699078,0.164266430564,0.177953860767,0.0870695942539,-7.2075310428e-05,0.0432132377793,-1.25260297292e-17,0.0,0.0,geomproj1,PM,0.049060108928
10066000000,10066000000,_qdot_,_qdot_,-7.10187396464e-05,6.92825229473e-05,-7.12771460761e-05,3.65276562236e-05,1.07104695654e-07,1.81191537923e-05,-0.0,-0.0,-0.0,7.29144982062e-05,6.75842187755e-05,7.32209725608e-05,3.58226543286e-05,-2.94666860858e-08,1.77791004445e-05,-0.0,-0.0,-0.0,geomproj1,e,0.0490622368054,geomproj1,de*,0.0,geomproj1,J,-0.172610884655,0.168391013929,-0.173238940892,0.0887803850999,0.000260317718387,0.0440385619466,6.09462151499e-18,0.0,0.0,0.177218521508,0.164263289515,0.177963406728,0.0870668796029,-7.16187132921e-05,0.0432120630607,-6.32819964317e-18,0.0,0.0,geomproj1,PM,0.0490622368054
10086000000,10086000000,_qdot_,_qdot_,-7.10173090507e-05,6.9280578514e-05,-7.12750672206e-05,3.65257481444e-05,1.07075476913e-07,1.81182568204e-05,-0.0,-0.0,-0.0,7.29157787451e-05,6.7580002162e-05,7.32217141212e-05,3.58199909553e-05,-2.92776276992e-08,1.77778493221e-05,-0.0,-0.0,-0.0,geomproj1,e,0.0490643616966,geomproj1,de*,0.0,geomproj1,J,-0.172614898668,0.168393595867,-0.1732414065,0.0887796003394,0.000260257996876,0.0440382930148,-6.09466058866e-18,0.0,0.0,0.177229325183,0.164260169543,0.177972932687,0.0870641846568,-7.11622955879e-05,0.0432108974599,6.0816947368e-18,0.0,0.0,geomproj1,PM,0.0490643616966
10106000000,10106000000,_qdot_,_qdot_,-7.10158719855e-05,6.92786418921e-05,-7.12729809424e-05,3.65238467216e-05,1.07046224914e-07,1.81173629752e-05,-0.0,-0.0,-0.0,7.29170624787e-05,6.75757731458e-05,7.3222459422e-05,3.58173175371e-05,-2.90884752192e-08,1.77765935036e-05,-0.0,-0.0,-0.0,geomproj1,e,0.0490664894795,geomproj1,de*,0.0,geomproj1,J,-0.17261890638,0.16839620587,-0.173243863389,0.0887788363589,0.000260198203024,0.0440380339752,6.08173799275e-18,0.0,0.0,0.17724014688,0.16425702779,0.177982477924,0.0870614696388,-7.07056132695e-05,0.0432097226149,-1.23456663855e-17,0.0,0.0,geomproj1,PM,0.0490664894795
10127000000,10126000000,_qdot_,_qdot_,-7.10144364081e-05,6.92767041602e-05,-7.12708965794e-05,3.65219465124e-05,1.07016984632e-07,1.81164696259e-05,-0.0,-0.0,-0.0,7.29183407449e-05,6.75715483985e-05,7.32231997021e-05,3.58146457171e-05,-2.88996731458e-08,1.77753386724e-05,-0.0,-0.0,-0.0,geomproj1,e,0.0490686179944,geomproj1,de*,0.0,geomproj1,J,-0.172622919515,0.168398814824,-0.17324632661,0.0887780760112,0.000260138434652,0.0440377764903,6.09474033612e-18,0.0,0.0,0.177250957724,0.164253897526,0.177992013288,0.0870587590042,-7.02497436265e-05,0.0432085504327,-1.24111509641e-17,0.0,0.0,geomproj1,PM,0.0490686179944
10146000000,10146000000,_qdot_,_qdot_,-7.10130071958e-05,6.92747729233e-05,-7.12688190536e-05,3.65200434712e-05,1.06987769911e-07,1.81155752896e-05,-0.0,-0.0,-0.0,7.29196433509e-05,6.75673261471e-05,7.32239626229e-05,3.58119812681e-05,-2.87101103417e-08,1.77740868114e-05,-0.0,-0.0,-0.0,geomproj1,e,0.0490707298416,geomproj1,de*,0.0,geomproj1,J,-0.172626894455,0.168401387098,-0.173248752454,0.0887772809338,0.000260078641838,0.0440375028041,1.97342053132e-30,0.0,0.0,0.177261773209,0.164250721663,0.17800154882,0.0870560388118,-6.97919632395e-05,0.0432073718488,-6.06887020458e-18,0.0,0.0,geomproj1,PM,0.0490707298416
10166000000,10166000000,_qdot_,_qdot_,-7.1011572237e-05,6.92728356311e-05,-7.12667354865e-05,3.65181436547e-05,1.06958534693e-07,1.81146821243e-05,-0.0,-0.0,-0.0,7.29209216281e-05,6.75631021819e-05,7.322470303e-05,3.58093099038e-05,-2.85213089899e-08,1.77728322238e-05,-0.0,-0.0,-0.0,geomproj1,e,0.0490728577756,geomproj1,de*,0.0,geomproj1,J,-0.172630906492,0.168403994357,-0.173251214727,0.0887765197124,0.000260018870438,0.0440372448802,1.21896357511e-17,0.0,0.0,0.177272582571,0.16424758962,0.17801108275,0.0870533271522,-6.93360148235e-05,0.0432061992302,6.2648415678e-18,0.0,0.0,geomproj1,PM,0.0490728577756
10186000000,10186000000,_qdot_,_qdot_,-7.10101406542e-05,6.92708912829e-05,-7.12646557104e-05,3.65162341234e-05,1.06929316811e-07,1.81137845218e-05,-0.0,-0.0,-0.0,7.29222050206e-05,6.75588831494e-05,7.32254472643e-05,3.58066460269e-05,-2.83319371416e-08,1.77715806964e-05,-0.0,-0.0,-0.0,geomproj1,e,0.0490749829821,geomproj1,de*,0.0,geomproj1,J,-0.172634917392,0.168406575231,-0.173253676703,0.0887757298221,0.000259959121391,0.0440369736739,-1.19281403412e-17,0.0,0.0,0.177283395354,0.164244460074,0.178020616816,0.0870506285718,-6.88786359655e-05,0.0432050315233,1.83234470519e-19,0.0,0.0,geomproj1,PM,0.0490749829821
10206000000,10206000000,_qdot_,_qdot_,-7.10087075765e-05,6.92689545518e-05,-7.12625744076e-05,3.65143339479e-05,1.06900093663e-07,1.81128912174e-05,-0.0,-0.0,-0.0,7.29234850641e-05,6.75546617572e-05,7.32261894436e-05,3.580397696e-05,-2.81430435014e-08,1.7770327171e-05,-0.0,-0.0,-0.0,geomproj1,e,0.0490771083632,geomproj1,de*,0.0,geomproj1,J,-0.172638925004,0.168409174848,-0.173256135179,0.0887749626091,0.000259899354357,0.0440367128937,-1.30958042189e-19,0.0,0.0,0.177294200933,0.16424132452,0.178030146713,0.0870479171388,-6.84223800468e-05,0.0432038588573,6.33092909346e-18,0.0,0.0,geomproj1,PM,0.0490771083632
10226000000,10226000000,_qdot_,_qdot_,-7.1007273686e-05,6.92670161013e-05,-7.12604920076e-05,3.65124302295e-05,1.06870864029e-07,1.81119963204e-05,-0.0,-0.0,-0.0,7.29247693011e-05,6.75504377004e-05,7.32269351369e-05,3.58013078907e-05,-2.79538210817e-08,1.77690734124e-05,-0.0,-0.0,-0.0,geomproj1,e,0.0490792338495,geomproj1,de*,0.0,geomproj1,J,-0.172642930896,0.16841177042,-0.173258591109,0.0887741866679,0.000259839566226,0.0440364481949,-1.20587417154e-17,0.0,0.0,0.17730501755,0.164238182126,0.178039685885,0.087045205418,-6.79652851149e-05,0.0432026854995,1.85479425342e-17,0.0,0.0,geomproj1,PM,0.0490792338495
10246000000,10246000000,_qdot_,_qdot_,-7.10058440128e-05,6.92650867282e-05,-7.12584146042e-05,3.65105310833e-05,1.06841661289e-07,1.81111037358e-05,-0.0,-0.0,-0.0,7.29260665977e-05,6.75462172672e-05,7.32276935688e-05,3.57986428125e-05,-2.77646224628e-08,1.77678215785e-05,-0.0,-0.0,-0.0,geomproj1,e,0.0490813472072,geomproj1,de*,0.0,geomproj1,J,-0.172646907676,0.168414349548,-0.173261019545,0.0887734013555,0.000259779778538,0.0440361789659,-6.01638994348e-18,0.0,0.0,0.177315826072,0.164235010491,0.178049215901,0.0870424831434,-6.75081928485e-05,0.0432015067818,6.39735993092e-18,0.0,0.0,geomproj1,PM,0.0490813472072
10266000000,10266000000,_qdot_,_qdot_,-7.10044103482e-05,6.92631491791e-05,-7.12563325427e-05,3.65086292071e-05,1.06812433941e-07,1.81102096636e-05,-0.0,-0.0,-0.0,7.29273485643e-05,6.75419934318e-05,7.32284374429e-05,3.57959729108e-05,-2.75754803864e-08,1.77665675048e-05,-0.0,-0.0,-0.0,geomproj1,e,0.0490834733394,geomproj1,de*,0.0,geomproj1,J,-0.172650915304,0.168416948242,-0.173263477217,0.0887726300124,0.000259719986339,0.0440359163526,-1.31472684578e-19,0.0,0.0,0.17732663955,0.164231868559,0.178058752812,0.0870397691767,-6.70512142177e-05,0.0432003325776,1.24669903182e-17,0.0,0.0,geomproj1,PM,0.0490834733394
10286000000,10286000000,_qdot_,_qdot_,-7.10029875378e-05,6.92612001287e-05,-7.12542625279e-05,3.65067187331e-05,1.06783250622e-07,1.81093114948e-05,-0.0,-0.0,-0.0,7.29286232629e-05,6.75377873536e-05,7.32291737094e-05,3.57933161124e-05,-2.7386394408e-08,1.77653196233e-05,-0.0,-0.0,-0.0,geomproj1,e,0.0490855960922,geomproj1,de*,0.0,geomproj1,J,-0.17265493749,0.168419507311,-0.17326595217,0.0887718314315,0.000259660277693,0.0440356406478,-1.82193355097e-17,0.0,0.0,0.177337423781,0.164228757946,0.178068259487,0.0870370806956,-6.65943276271e-05,0.0431991702802,-1.24675122166e-17,0.0,0.0,geomproj1,PM,0.0490855960922
10306000000,10306000000,_qdot_,_qdot_,-7.10015474555e-05,6.92592713231e-05,-7.12521740531e-05,3.65048223626e-05,1.06754014749e-07,1.81084200993e-05,-0.0,-0.0,-0.0,7.2929912066e-05,6.75335553896e-05,7.32299245756e-05,3.57906409954e-05,-2.71972472929e-08,1.77640631122e-05,-0.0,-0.0,-0.0,geomproj1,e,0.0490877217331,geomproj1,de*,0.0,geomproj1,J,-0.172658927514,0.168422125089,-0.173268391971,0.088771071957,0.000259600450341,0.0440353838101,-1.20712891431e-17,0.0,0.0,0.177348252993,0.164225593141,0.178077812277,0.0870343522188,-6.61372564011e-05,0.0431979892716,6.26697170759e-18,0.0,0.0,geomproj1,PM,0.0490877217331
10326000000,10326000000,_qdot_,_qdot_,-7.10001243006e-05,6.92573229009e-05,-7.12501038046e-05,3.6502912643e-05,1.067248334e-07,1.8107522277e-05,-0.0,-0.0,-0.0,7.29311862492e-05,6.75293490066e-05,7.32306604877e-05,3.57879837457e-05,-2.70081802801e-08,1.77628150588e-05,-0.0,-0.0,-0.0,geomproj1,e,0.0490898448628,geomproj1,de*,0.0,geomproj1,J,-0.172662949361,0.168424685938,-0.173270866584,0.0887702749718,0.000259540735829,0.0440351088503,5.96314680105e-18,0.0,0.0,0.177359037638,0.164222481055,0.178087319536,0.0870316620721,-6.56803366187e-05,0.0431968263044,6.01622306118e-18,0.0,0.0,geomproj1,PM,0.0490898448628
