15780000000,15780000000,_qdot_,_qdot_,6.29764287106e-06,-6.17038313749e-06,6.25919251125e-06,-3.16659662855e-06,9.97707161997e-10,-1.57350323628e-06,-0.0,-0.0,-0.0,-6.53128217922e-06,-5.96381265733e-06,-6.49955456374e-06,-3.0779123545e-06,-1.2096248866e-08,-1.53158183315e-06,-0.0,-0.0,-0.0,geomproj1,e,0.0669358159415,geomproj1,de*,-8.95156130622e-05,geomproj1,J,-0.198668890893,0.194654285644,-0.197455914785,0.09989519142,-3.14742165233e-05,0.0496385948154,-2.19411421304e-19,0.0,0.0,0.20603940446,0.18813770015,0.205038507727,0.0970975087434,0.000381594891196,0.0483161192742,1.09705710655e-19,0.0,0.0,geomproj1,PM,0.0669358159415
15800000000,15800000000,_qdot_,_qdot_,0.000185738121386,-0.000181982286657,0.000184602849914,-9.33901699859e-05,2.94303753742e-08,-4.64063177056e-05,-0.0,-0.0,-0.0,-0.000192635489754,-0.000175884524659,-0.000191698723657,-9.07727773932e-05,-3.57188254879e-07,-4.51690977016e-05,-0.0,-0.0,-0.0,geomproj1,e,0.0669339567823,geomproj1,de*,-0.000324757107129,geomproj1,J,-0.198667479826,0.194650198857,-0.197453181326,0.0998911239825,-3.14790440557e-05,0.0496366934143,1.38958572348e-17,0.0,0.0,0.206044978752,0.18812796745,0.205043003723,0.0970915328904,0.000382052375091,0.0483133496745,-7.36773501754e-18,0.0,0.0,geomproj1,PM,0.0669339567823
15820000000,15820000000,_qdot_,_qdot_,0.000463942236831,-0.000454553228666,0.000461104489458,-0.000233265879224,7.32918171845e-08,-0.000115911912934,-0.0,-0.0,-0.0,-0.000481187098455,-0.000439308852654,-0.000478845758986,-0.000226723789082,-8.9303746013e-07,-0.000112819592708,-0.0,-0.0,-0.0,geomproj1,e,0.0669260270841,geomproj1,de*,-0.000689443587335,geomproj1,J,-0.198658156167,0.194637821517,-0.197443044422,0.0998834893323,-3.13832544402e-05,0.0496330040103,1.09879757258e-19,0.0,0.0,0.206042334933,0.188110242456,0.205039783009,0.0970821932615,0.000382394964574,0.048308885218,-1.85939032205e-17,0.0,0.0,geomproj1,PM,0.0669260270841
15840000000,15840000000,_qdot_,_qdot_,0.000814784397226,-0.000798278861409,0.000809799667741,-0.000409656183205,1.27782758997e-07,-0.000203562185455,-0.0,-0.0,-0.0,-0.000845098841405,-0.000771483585563,-0.000840986909715,-0.000398159956264,-1.56929764734e-06,-0.000198128251316,-0.0,-0.0,-0.0,geomproj1,e,0.066909942086,geomproj1,de*,-0.00114925264436,geomproj1,J,-0.19863820783,0.194614284366,-0.197422968884,0.0998710460524,-3.11524598717e-05,0.049626904784,-6.98633288739e-18,0.0,0.0,0.206028637597,0.188081800938,0.205026180082,0.0970683538013,0.000382582770707,0.048302153178,-3.6685452245e-18,0.0,0.0,geomproj1,PM,0.066909942086
15860000000,15860000000,_qdot_,_qdot_,0.00123146818656,-0.00120649116424,0.00122393742851,-0.000619144879574,1.90704099833e-07,-0.000307659549504,-0.0,-0.0,-0.0,-0.00127732885825,-0.00116595887355,-0.00127111871373,-0.000601760368517,-2.37223623996e-06,-0.000299442520572,-0.0,-0.0,-0.0,geomproj1,e,0.0668838300303,geomproj1,de*,-0.00169515523319,geomproj1,J,-0.198605184446,0.194577012075,-0.197390660508,0.0998526672055,-3.07558273412e-05,0.0496178319852,7.09478651149e-18,0.0,0.0,0.206001369958,0.18804016187,0.20499982813,0.0970489780298,0.000382582693674,0.0482926296257,7.25550684301e-18,0.0,0.0,geomproj1,PM,0.0668838300303
15880000000,15880000000,_qdot_,_qdot_,0.00172022893505,-0.0016852864105,0.00170972150361,-0.000864870032543,2.6133227103e-07,-0.000429763208897,-0.0,-0.0,-0.0,-0.00178435128231,-0.00162862143843,-0.00177569058885,-0.000840575376083,-3.31263483333e-06,-0.000418280128504,-0.0,-0.0,-0.0,geomproj1,e,0.0668459256862,geomproj1,de*,-0.00233514531321,geomproj1,J,-0.198556792335,0.194523564286,-0.197343975924,0.0998273055112,-3.01641812971e-05,0.0496052603718,3.00553616033e-19,0.0,0.0,0.205958090692,0.18798303072,0.204958433332,0.0970231037219,0.000382359657649,0.0482798300395,7.03345596077e-18,0.0,0.0,geomproj1,PM,0.0668459256862
15900000000,15900000000,_qdot_,_qdot_,0.00226490176881,-0.00221881303033,0.00225109520287,-0.00113871073907,3.34893393913e-07,-0.000565837568349,-0.0,-0.0,-0.0,-0.00234940622914,-0.0021441469926,-0.00233803367586,-0.00110671268398,-4.35751185575e-06,-0.00055071348473,-0.0,-0.0,-0.0,geomproj1,e,0.0667945047862,geomproj1,de*,-0.00304780133948,geomproj1,J,-0.198490722948,0.194451613108,-0.197280747622,0.0997939605771,-2.93492780939e-05,0.0495886883747,7.19987419424e-18,0.0,0.0,0.205896497297,0.187908055232,0.20489983318,0.0969897254545,0.00038188220364,0.0482632488643,-7.58110834048e-18,0.0,0.0,geomproj1,PM,0.0667945047862
15920000000,15920000000,_qdot_,_qdot_,0.00292774439661,-0.00286804005433,0.00290995074196,-0.00147197746893,4.17247724941e-07,-0.000731440762421,-0.0,-0.0,-0.0,-0.00303708176737,-0.0027714475552,-0.00302243770122,-0.0014306047451,-5.62381887298e-06,-0.000711885656782,-0.0,-0.0,-0.0,geomproj1,e,0.06672742443,geomproj1,de*,-0.00391431948033,geomproj1,J,-0.198404167035,0.194358188734,-0.197198346187,0.0997513525958,-2.82755856044e-05,0.0495674743231,2.79335407154e-17,0.0,0.0,0.205813621903,0.187812414331,0.20482123891,0.096947651283,0.000381108781334,0.0482422853995,-7.13728651678e-18,0.0,0.0,geomproj1,PM,0.06672742443
15940000000,15940000000,_qdot_,_qdot_,0.00356946494087,-0.00349649080183,0.0035478600051,-0.00179465093196,4.84546742065e-07,-0.000891779007378,-0.0,-0.0,-0.0,-0.00370289109769,-0.00337863848008,-0.00368512991621,-0.00174420344441,-6.84046940073e-06,-0.000867934467,-0.0,-0.0,-0.0,geomproj1,e,0.0666431431398,geomproj1,de*,-0.00475192036804,geomproj1,J,-0.19829507118,0.194241126867,-0.19709484864,0.0996985375094,-2.69181046177e-05,0.0495411454304,6.86136289478e-18,0.0,0.0,0.205707316349,0.187694057512,0.204720626521,0.0968960199613,0.000380009718316,0.0482165057688,-7.32363904612e-18,0.0,0.0,geomproj1,PM,0.0666431431398
15960000000,15960000000,_qdot_,_qdot_,0.00425449242121,-0.00416726072149,0.00422887529963,-0.00213913526833,5.42683455138e-07,-0.00106295382092,-0.0,-0.0,-0.0,-0.00441367165343,-0.00402669014883,-0.00439264024482,-0.00207900668796,-8.12812828151e-06,-0.00103453294761,-0.0,-0.0,-0.0,geomproj1,e,0.0665416352047,geomproj1,de*,-0.00564461547983,geomproj1,J,-0.198163343182,0.194100314379,-0.196970163373,0.0996354334017,-2.52768032266e-05,0.0495096622458,-1.40418406411e-17,0.0,0.0,0.205577503486,0.187552897702,0.204597914423,0.0968347983723,0.000378587364746,0.0481858908733,7.31835309927e-18,0.0,0.0,geomproj1,PM,0.0665416352047
15980000000,15980000000,_qdot_,_qdot_,0.00498586759781,-0.00488330170961,0.0049560397112,-0.00250697654798,5.87411793095e-07,-0.00124573280144,-0.0,-0.0,-0.0,-0.00517258205151,-0.00471845182879,-0.00514813310441,-0.00243652030468,-9.48821486107e-06,-0.00121242960313,-0.0,-0.0,-0.0,geomproj1,e,0.0664214558902,geomproj1,de*,-0.00659590111961,geomproj1,J,-0.198007010895,0.1939337449,-0.196822436585,0.0995611942978,-2.33282675549e-05,0.0494725990106,-1.09944658639e-19,0.0,0.0,0.20542212374,0.187386954094,0.204451166762,0.0967631195673,0.000376811663469,0.0481500073811,-4.10729556936e-19,0.0,0.0,geomproj1,PM,0.0664214558902
16000000000,16000000000,_qdot_,_qdot_,0.00572991422461,-0.0056116031938,0.00569589892656,-0.0028812573462,6.10206488878e-07,-0.00143170897226,-0.0,-0.0,-0.0,-0.00594468876942,-0.00542202636163,-0.00591686048369,-0.00280030807357,-1.08523692828e-05,-0.00139344472367,-0.0,-0.0,-0.0,geomproj1,e,0.0662822583201,geomproj1,de*,-0.00756130264979,geomproj1,J,-0.197825527672,0.193740834397,-0.196651148088,0.0994755300914,-2.1067404488e-05,0.0494298120022,-1.90831558094e-19,0.0,0.0,0.205240627793,0.187195686357,0.204279855067,0.0966807530766,0.000374678502278,0.0481087372229,1.09859535975e-17,0.0,0.0,geomproj1,PM,0.0662822583201
16020000000,16020000000,_qdot_,_qdot_,0.00650639238749,-0.0063714897722,0.00646811666353,-0.00327193018764,6.08597133267e-07,-0.00162582712525,-0.0,-0.0,-0.0,-0.00675049238132,-0.00615608774197,-0.00671924783035,-0.0031800495349,-1.22535369086e-05,-0.00158239393951,-0.0,-0.0,-0.0,geomproj1,e,0.0661234364395,geomproj1,de*,-0.00856614082847,geomproj1,J,-0.1976180094,0.193520625671,-0.19645546464,0.0993780104346,-1.84848602482e-05,0.0493810857055,6.94339627996e-18,0.0,0.0,0.205032034254,0.186978241213,0.204083046613,0.0965873284996,0.000372175458806,0.0480618938712,-1.10828727565e-17,0.0,0.0,geomproj1,PM,0.0661234364395
16040000000,16040000000,_qdot_,_qdot_,0.00741444273238,-0.00726000422798,0.0073712843794,-0.00372887884015,5.84226012594e-07,-0.00185287354237,-0.0,-0.0,-0.0,-0.00769286220688,-0.00701439200769,-0.00765772250582,-0.00362423380431,-1.38712810679e-05,-0.00180340400176,-0.0,-0.0,-0.0,geomproj1,e,0.0659432469628,geomproj1,de*,-0.00973891226171,geomproj1,J,-0.197381993295,0.19327064185,-0.196233062479,0.0992675464349,-1.55528472015e-05,0.0493258746906,-7.0717243188e-18,0.0,0.0,0.204793877483,0.186732128928,0.203858413485,0.096481761109,0.000369271327,0.0480089319497,2.12225933464e-30,0.0,0.0,geomproj1,PM,0.0659432469628
16060000000,16060000000,_qdot_,_qdot_,0.00832173970865,-0.00814751771296,0.00827389213071,-0.0041855896437,5.16520936371e-07,-0.00207979629827,-0.0,-0.0,-0.0,-0.00863451112525,-0.00787169245767,-0.00859567007619,-0.00406822412452,-1.54484445306e-05,-0.00202430999116,-0.0,-0.0,-0.0,geomproj1,e,0.0657394035526,geomproj1,de*,-0.0109062027936,geomproj1,J,-0.197114314442,0.19298757527,-0.195980964584,0.0991426867506,-1.22346617213e-05,0.0492634516177,1.37362137253e-17,0.0,0.0,0.204522828229,0.186454193068,0.203602813061,0.0963626882572,0.000365922230141,0.0479491656908,7.57591571605e-18,0.0,0.0,geomproj1,PM,0.0657394035526
16080000000,16080000000,_qdot_,_qdot_,0.00916213763707,-0.00896925077506,0.00911019127531,-0.0046088073165,3.9787912179e-07,-0.00229007045636,-0.0,-0.0,-0.0,-0.00950680415834,-0.00866540720168,-0.00946478073335,-0.00447970403321,-1.68585368078e-05,-0.00222903069662,-0.0,-0.0,-0.0,geomproj1,e,0.0655128383684,geomproj1,de*,-0.0119816048416,geomproj1,J,-0.196816009127,0.192672519486,-0.195700125911,0.0990038677438,-8.54702079009e-06,0.0491940359002,-2.09503278317e-17,0.0,0.0,0.204219946056,0.186145518705,0.203317221918,0.0962305419119,0.000362145829464,0.0478828133028,-1.45832876712e-17,0.0,0.0,geomproj1,PM,0.0655128383684
16101000000,16100000000,_qdot_,_qdot_,0.0100280617126,-0.0098156734813,0.00997209210654,-0.00504503085405,2.30486245165e-07,-0.00250680062265,-0.0,-0.0,-0.0,-0.0104056404819,-0.00948294658316,-0.010360538428,-0.00490387608638,-1.82696655574e-05,-0.00244005754856,-0.0,-0.0,-0.0,geomproj1,e,0.0652650640964,geomproj1,de*,-0.0130849730879,geomproj1,J,-0.196488866573,0.192327352211,-0.195392203552,0.0988518442297,-4.5161250869e-06,0.0491180077652,8.13991964973e-20,0.0,0.0,0.203887108283,0.185807933707,0.203003383021,0.0960860714307,0.00035797405131,0.0478102504582,-3.73417899233e-18,0.0,0.0,geomproj1,PM,0.0652650640964
16120000000,16120000000,_qdot_,_qdot_,0.0108961987071,-0.0106639280909,0.0108364454115,-0.00548256177323,6.42161886717e-09,-0.00272417280348,-0.0,-0.0,-0.0,-0.0113068303084,-0.0103022262855,-0.0112588923778,-0.0053293748176,-1.96319191369e-05,-0.00265173391778,-0.0,-0.0,-0.0,geomproj1,e,0.0649943594723,geomproj1,de*,-0.0141853045511,geomproj1,J,-0.196130364235,0.191949518991,-0.195054811564,0.0986855018372,-1.15588425033e-07,0.0490348073259,-6.99150121171e-18,0.0,0.0,0.203521687366,0.185438926743,0.202658809948,0.0959281536819,0.000353372359891,0.0477309154439,-7.26310982054e-18,0.0,0.0,geomproj1,PM,0.0649943594723
16140000000,16140000000,_qdot_,_qdot_,0.0117886629131,-0.0115356248281,0.0117252705009,-0.00593254622108,-2.80097651709e-07,-0.00294772453269,-0.0,-0.0,-0.0,-0.0122333231199,-0.0111441263401,-0.0121827207086,-0.00576704520645,-2.09795789937e-05,-0.00286945455036,-0.0,-0.0,-0.0,geomproj1,e,0.0647009180285,geomproj1,de*,-0.0153106218333,geomproj1,J,-0.195740496492,0.191539019127,-0.194687920612,0.0985047711801,4.65077793944e-06,0.0489444025844,1.39508582793e-17,0.0,0.0,0.203123692559,0.185038527174,0.202283483522,0.0957567707485,0.000348347665777,0.0476447975898,-3.71839233362e-18,0.0,0.0,geomproj1,PM,0.0647009180285
16160000000,16160000000,_qdot_,_qdot_,0.0125687735345,-0.0122970123227,0.012502625272,-0.00632620231542,-6.26456170122e-07,-0.0031432797258,-0.0,-0.0,-0.0,-0.0130432772386,-0.0118794403688,-0.0129907719743,-0.00615002800503,-2.20684684512e-05,-0.00305995267317,-0.0,-0.0,-0.0,geomproj1,e,0.0643874727437,geomproj1,de*,-0.0162842690996,geomproj1,J,-0.195322650283,0.191099396521,-0.194294685709,0.0983111517673,9.73532374491e-06,0.0488475446663,-8.16351640959e-20,0.0,0.0,0.202696585441,0.184610198469,0.201880637303,0.0955733481843,0.0003429508642,0.0475526163493,7.20313383048e-18,0.0,0.0,geomproj1,PM,0.0643874727437
16180000000,16180000000,_qdot_,_qdot_,0.0133357408946,-0.0130451794547,0.0132671876877,-0.0067134613036,-1.0351555346e-06,-0.00333564778762,-0.0,-0.0,-0.0,-0.0138396469416,-0.0126019590565,-0.0137855756834,-0.00652685943039,-2.30747749047e-05,-0.00324737781861,-0.0,-0.0,-0.0,geomproj1,e,0.0640546183053,geomproj1,de*,-0.0172343948953,geomproj1,J,-0.194877305734,0.190631285134,-0.193875526803,0.0981048793115,1.51268927008e-05,0.0487443524036,7.07348262008e-18,0.0,0.0,0.202240965059,0.184154434861,0.20145081315,0.0953780364174,0.000337195360901,0.0474544492872,-6.88807482719e-18,0.0,0.0,geomproj1,PM,0.0640546183053
16200000000,16200000000,_qdot_,_qdot_,0.0141004580053,-0.0137907669407,0.0140298074885,-0.00709981627594,-1.50978605921e-06,-0.00352755754204,-0.0,-0.0,-0.0,-0.0146337330586,-0.0133219654375,-0.0145784013515,-0.00690288460978,-2.40144648445e-05,-0.00343438873506,-0.0,-0.0,-0.0,geomproj1,e,0.0637028565653,geomproj1,de*,-0.0181747147605,geomproj1,J,-0.194404870331,0.190135118864,-0.193430802358,0.0978861014288,2.08156191067e-05,0.0486349001066,-1.39483074516e-17,0.0,0.0,0.201757203678,0.183671690838,0.200994338149,0.0951709786285,0.000331090587441,0.0473503695025,7.08410610725e-18,0.0,0.0,geomproj1,PM,0.0637028565653
16220000000,16220000000,_qdot_,_qdot_,0.0148322934647,-0.0145038047079,0.0147600171077,-0.00746985052982,-2.04925055341e-06,-0.00371134881869,-0.0,-0.0,-0.0,-0.0153937436401,-0.0140105123642,-0.0153375872862,-0.00726312009066,-2.48330391047e-05,-0.00361353013905,-0.0,-0.0,-0.0,geomproj1,e,0.0633327490834,geomproj1,de*,-0.019065683415,geomproj1,J,-0.193905808721,0.189611403531,-0.192960924137,0.0976549858227,2.67902996106e-05,0.0485192728857,1.37751947824e-17,0.0,0.0,0.201245769367,0.18316248509,0.200511625099,0.094952353685,0.000324647738535,0.0472404679438,-6.98193903302e-18,0.0,0.0,geomproj1,PM,0.0633327490834
16240000000,16240000000,_qdot_,_qdot_,0.0155276983866,-0.0151808296205,0.0154542813042,-0.00782177191358,-2.65217705209e-06,-0.0038861313298,-0.0,-0.0,-0.0,-0.0161159946108,-0.0146642569067,-0.0160594588942,-0.00760582559513,-2.55253603234e-05,-0.00378393611499,-0.0,-0.0,-0.0,geomproj1,e,0.0629454483912,geomproj1,de*,-0.0199028377762,geomproj1,J,-0.193381371094,0.189061480541,-0.192467037515,0.097412052925,3.30301131533e-05,0.0483977332699,-1.06377099072e-19,0.0,0.0,0.200707990122,0.182628103413,0.200003896435,0.0947226656053,0.000317891876447,0.0471249979123,7.23079253711e-18,0.0,0.0,geomproj1,PM,0.0629454483912
16260000000,16260000000,_qdot_,_qdot_,0.0161645607355,-0.0158002368935,0.0160905825663,-0.00814443228671,-3.31243968354e-06,-0.00404636652272,-0.0,-0.0,-0.0,-0.016777527711,-0.0152623366425,-0.0167211283087,-0.00792016144427,-2.60569912995e-05,-0.00394021422462,-0.0,-0.0,-0.0,geomproj1,e,0.0625420519461,geomproj1,de*,-0.0206581812448,geomproj1,J,-0.192832763208,0.188486615217,-0.191950251458,0.0971578138314,3.95152647566e-05,0.0482705376469,-6.85619385847e-18,0.0,0.0,0.200145063095,0.182069812842,0.199472254674,0.0944824076164,0.000310843066842,0.0470042093315,7.02020461529e-18,0.0,0.0,geomproj1,PM,0.0625420519461
16281000000,16280000000,_qdot_,_qdot_,0.0167503233922,-0.0163693412669,0.016676306056,-0.00844156639877,-4.02631524868e-06,-0.00419391058961,-0.0,-0.0,-0.0,-0.0173860709033,-0.0158118107127,-0.0173302739931,-0.00820974933552,-2.64448774081e-05,-0.00408416721512,-0.0,-0.0,-0.0,geomproj1,e,0.0621243610186,geomproj1,de*,-0.021341725706,geomproj1,J,-0.192262106623,0.187889150693,-0.191412527265,0.0968932540002,4.62145018645e-05,0.0481381801454,-1.28752215736e-19,0.0,0.0,0.199559288468,0.181489751927,0.198918845222,0.094232431526,0.000303537294226,0.0468785332793,2.10828639065e-19,0.0,0.0,geomproj1,PM,0.0621243610186
16300000000,16300000000,_qdot_,_qdot_,0.017303814323,-0.0169065639563,0.0172301804217,-0.00872264908759,-4.79471037669e-06,-0.00433347120885,-0.0,-0.0,-0.0,-0.0179611591147,-0.0163304776794,-0.0179063522617,-0.00848380126485,-2.67219742584e-05,-0.00422037846728,-0.0,-0.0,-0.0,geomproj1,e,0.0616933793047,geomproj1,de*,-0.0219777339648,geomproj1,J,-0.19167050969,0.187270255571,-0.190854883313,0.096618847455,5.31099423839e-05,0.04800089852,-6.70389603492e-18,0.0,0.0,0.198951772012,0.180889075776,0.198344688669,0.0939731831483,0.000295993376397,0.0467481953289,1.04902646994e-19,0.0,0.0,geomproj1,PM,0.0616933793047
16320000000,16320000000,_qdot_,_qdot_,0.0178271293805,-0.0174139651502,0.0177542803598,-0.00898872238379,-5.61541633746e-06,-0.00446556647539,-0.0,-0.0,-0.0,-0.0185049609943,-0.0168203361758,-0.0184515124484,-0.00874333408862,-2.68940521397e-05,-0.00434935421698,-0.0,-0.0,-0.0,geomproj1,e,0.0612501835419,geomproj1,de*,-0.0225691326853,geomproj1,J,-0.191059199938,0.1866311832,-0.19027845306,0.0963350896523,6.01822609718e-05,0.0478589423933,-1.35678481921e-17,0.0,0.0,0.198323743941,0.180269066536,0.197750918322,0.0937051827083,0.000288232388695,0.0466134574562,2.0874149727e-19,0.0,0.0,geomproj1,PM,0.0612501835419
16340000000,16340000000,_qdot_,_qdot_,0.0183056446151,-0.0178772965022,0.018234026322,-0.00923240718975,-6.48043458571e-06,-0.00458653095521,-0.0,-0.0,-0.0,-0.0190023129945,-0.0172676058855,-0.0189506191721,-0.00898115790198,-2.69424706751e-05,-0.00446751840134,-0.0,-0.0,-0.0,geomproj1,e,0.0607956941087,geomproj1,de*,-0.0230978221566,geomproj1,J,-0.190429095993,0.185973096458,-0.189684068593,0.0960424498538,6.74143591088e-05,0.0477125477911,-6.57221761521e-18,0.0,0.0,0.197676364936,0.17963063568,0.19713860688,0.0934287656189,0.000280275862574,0.0464744896117,1.38457776839e-17,0.0,0.0,geomproj1,PM,0.0607956941087
16360000000,16360000000,_qdot_,_qdot_,0.0187372296435,-0.0182944920445,0.0186672710928,-0.00945259896951,-7.38337790092e-06,-0.0046958166355,-0.0,-0.0,-0.0,-0.0194509743119,-0.0176703175331,-0.0194014130228,-0.00919620421547,-2.68690552002e-05,-0.0045743406305,-0.0,-0.0,-0.0,geomproj1,e,0.0603312696169,geomproj1,de*,-0.0235616931257,geomproj1,J,-0.189781939779,0.185297626892,-0.189073357469,0.0957416118881,7.478329544e-05,0.0475620572991,-6.62881060588e-18,0.0,0.0,0.197011175384,0.17897561175,0.196509188817,0.093144691495,0.000272145963568,0.046331675204,7.00002472197e-18,0.0,0.0,geomproj1,PM,0.0603312696169
16380000000,16380000000,_qdot_,_qdot_,0.0191276083588,-0.0186711815355,0.019059690577,-0.00965216623211,-8.32064039754e-06,-0.00479484936628,-0.0,-0.0,-0.0,-0.0198568917424,-0.0180339020301,-0.0198097989755,-0.00939125423044,-2.66877681631e-05,-0.00467120535776,-0.0,-0.0,-0.0,geomproj1,e,0.0598581105574,geomproj1,de*,-0.0239685244041,geomproj1,J,-0.189119132098,0.184606333473,-0.188447613124,0.0954332223055,8.22681153316e-05,0.0474077957725,6.47960204921e-18,0.0,0.0,0.196329727274,0.178305402133,0.195864110086,0.0928535243954,0.000263868198154,0.0461852985767,-6.87004796878e-18,0.0,0.0,geomproj1,PM,0.0598581105574
16402000000,16401000000,_qdot_,_qdot_,0.0194990449917,-0.0190288890643,0.0194336332137,-0.00984246206018,-9.33841924254e-06,-0.00488926395815,-0.0,-0.0,-0.0,-0.0202432077474,-0.0183791420001,-0.0201990275762,-0.00957740109807,-2.6395037895e-05,-0.0047636228579,-0.0,-0.0,-0.0,geomproj1,e,0.0593530409822,geomproj1,de*,-0.024342257247,geomproj1,J,-0.188407715969,0.183864877873,-0.187775680723,0.0951018779156,9.02316108815e-05,0.0472420600865,-1.02051401181e-19,0.0,0.0,0.195598119662,0.177586757053,0.19517123285,0.0925407509228,0.000255039608598,0.0460280645938,6.75892468314e-18,0.0,0.0,geomproj1,PM,0.0593530409822
16421000000,16421000000,_qdot_,_qdot_,0.0198173501267,-0.01933474451,0.0197546438499,-0.0100059502144,-1.03353446244e-05,-0.00497036079595,-0.0,-0.0,-0.0,-0.0205743651699,-0.0186743016918,-0.0205332394201,-0.00973747182223,-2.60250732515e-05,-0.00484306879406,-0.0,-0.0,-0.0,geomproj1,e,0.0588650538162,geomproj1,de*,-0.024649294512,geomproj1,J,-0.18771645089,0.183145051941,-0.187122476436,0.0947796476334,9.78997796995e-05,0.0470808903458,-3.04334046674e-19,0.0,0.0,0.194887146078,0.176889120595,0.194497589465,0.0922365321009,0.00024651804372,0.0458751386854,-1.01444682223e-19,0.0,0.0,geomproj1,PM,0.0588650538162
16441000000,16441000000,_qdot_,_qdot_,0.0200795805614,-0.0195856930113,0.0200199275744,-0.0101412427812,-1.13409995423e-05,-0.00503744625753,-0.0,-0.0,-0.0,-0.0208473310616,-0.0189164286318,-0.0208095462688,-0.00987015847881,-2.55445717391e-05,-0.00490888634687,-0.0,-0.0,-0.0,geomproj1,e,0.0583716915043,geomproj1,de*,-0.0248826999328,geomproj1,J,-0.187013646661,0.182413764133,-0.186458061219,0.0944517136894,0.000105625796052,0.0469168761568,-6.41852935042e-18,0.0,0.0,0.194164185505,0.176180487905,0.193812272183,0.091926936651,0.00023791251509,0.0457195175948,-2.0165482348e-19,0.0,0.0,geomproj1,PM,0.0583716915043
16461000000,16461000000,_qdot_,_qdot_,0.0202693541007,-0.0197658129726,0.0202131040701,-0.0102400271185,-1.23357651882e-05,-0.00508639278243,-0.0,-0.0,-0.0,-0.0210450941625,-0.0190901465089,-0.0210109205187,-0.00996736139431,-2.49428839671e-05,-0.00495704910707,-0.0,-0.0,-0.0,geomproj1,e,0.0578746443962,geomproj1,de*,-0.0250233210976,geomproj1,J,-0.186301554099,0.18167336051,-0.185784543637,0.0941190802976,0.00011338162105,0.0467505217688,1.29826203291e-17,0.0,0.0,0.193431607596,0.175463112683,0.193117507654,0.0916129299829,0.000229257332211,0.0455616862681,-1.3714114128e-17,0.0,0.0,geomproj1,PM,0.0578746443962
16481000000,16481000000,_qdot_,_qdot_,0.0204028571078,-0.0198909558495,0.0203502642097,-0.0103104447771,-1.33182866345e-05,-0.0051212459326,-0.0,-0.0,-0.0,-0.0211844551574,-0.0192107621557,-0.0211540853495,-0.0100369878627,-2.42506217148e-05,-0.00499149196093,-0.0,-0.0,-0.0,geomproj1,e,0.0573754819434,geomproj1,de*,-0.0250922549311,geomproj1,J,-0.185582292633,0.180926091366,-0.185103913034,0.0937827466852,0.000121141767279,0.0465823269891,-6.74489807652e-18,0.0,0.0,0.192691628212,0.174739119391,0.192415387559,0.0912954106794,0.000220581164287,0.0454020981901,2.0184186102e-17,0.0,0.0,geomproj1,PM,0.0573754819434
16501000000,16501000000,_qdot_,_qdot_,0.0204809040699,-0.0199619668673,0.0204321764967,-0.0103528738274,-1.42793853793e-05,-0.0051421947634,-0.0,-0.0,-0.0,-0.021266245985,-0.0192790975572,-0.0212398282853,-0.0100793935384,-2.3477833455e-05,-0.00501239399082,-0.0,-0.0,-0.0,geomproj1,e,0.0568756105924,geomproj1,de*,-0.0250915211721,geomproj1,J,-0.184857831017,0.180173975002,-0.184418022624,0.0934436191877,0.000128883773903,0.0464127446417,6.61630532942e-18,0.0,0.0,0.191946219427,0.17401049027,0.191707776892,0.0909752236088,0.000211907704594,0.0452411806716,6.79803453683e-18,0.0,0.0,geomproj1,PM,0.0568756105924
16521000000,16521000000,_qdot_,_qdot_,0.0205025343205,-0.019977963425,0.0204578381735,-0.010366791747,-1.52085160244e-05,-0.00514898132044,-0.0,-0.0,-0.0,-0.0212894695438,-0.0192943009734,-0.0212671082237,-0.0100940623454,-2.26332728686e-05,-0.00501950032843,-0.0,-0.0,-0.0,geomproj1,e,0.05637640526,geomproj1,de*,-0.0250209864552,geomproj1,J,-0.184130099315,0.179419008989,-0.183728690111,0.0931025581572,0.000136585337316,0.0462422072842,-1.29932354578e-17,0.0,0.0,0.191197443213,0.173279141929,0.190996619645,0.0906532174551,0.000203265933663,0.0450793584605,6.94949794603e-18,0.0,0.0,geomproj1,PM,0.05637640526
16542000000,16542000000,_qdot_,_qdot_,0.0204531970031,-0.0199245804732,0.0204128844081,-0.0103449570655,-1.61295650498e-05,-0.00513800403165,-0.0,-0.0,-0.0,-0.021239049838,-0.0192424816449,-0.0212210200383,-0.010073979229,-2.16678504591e-05,-0.00500931561059,-0.0,-0.0,-0.0,geomproj1,e,0.0558545854929,geomproj1,de*,-0.0248592650214,geomproj1,J,-0.183364806862,0.178625710676,-0.183003400712,0.0927434989268,0.00014460304566,0.0460626823658,6.1955323232e-18,0.0,0.0,0.190410050365,0.172510631459,0.19024841154,0.0903141575072,0.000194254287676,0.0449089787434,-6.54191458597e-18,0.0,0.0,geomproj1,PM,0.0558545854929
16562000000,16562000000,_qdot_,_qdot_,0.0203344854352,-0.0198039393859,0.0202984392359,-0.0102878303849,-1.69394907243e-05,-0.00510950621181,-0.0,-0.0,-0.0,-0.0211165502824,-0.0191257233751,-0.0211026592545,-0.0100194706581,-2.06827040296e-05,-0.0049820237053,-0.0,-0.0,-0.0,geomproj1,e,0.0553616921836,geomproj1,de*,-0.0246193608381,geomproj1,J,-0.182637601171,0.177872412593,-0.18231384617,0.0924018790021,0.000152144885142,0.045891889454,1.26952964454e-17,0.0,0.0,0.189661848139,0.171780901417,0.189537083535,0.0899915609779,0.000185765185047,0.0447468838794,-6.80458549445e-18,0.0,0.0,geomproj1,PM,0.0553616921836
16582000000,16582000000,_qdot_,_qdot_,0.0201730537009,-0.0196418075213,0.0201412672266,-0.0102090158615,-1.76958783447e-05,-0.00507023956239,-0.0,-0.0,-0.0,-0.0209496874835,-0.0189688924557,-0.0209398821628,-0.00994382372496,-1.96714411751e-05,-0.00494422419864,-0.0,-0.0,-0.0,geomproj1,e,0.054874054103,geomproj1,de*,-0.0243296914371,geomproj1,J,-0.181913926985,0.177123324621,-0.181627287071,0.0920615288866,0.000159575578831,0.0457217436299,2.03269816018e-30,0.0,0.0,0.188917353601,0.171055199095,0.188828932461,0.0896701138989,0.000177390551111,0.0445853787533,6.76123582361e-18,0.0,0.0,geomproj1,PM,0.054874054103
16602000000,16602000000,_qdot_,_qdot_,0.0199227099375,-0.0193932588814,0.0198952023062,-0.0100851009324,-1.83477512055e-05,-0.00500857779812,-0.0,-0.0,-0.0,-0.020690473471,-0.0187286117715,-0.0206846767454,-0.00982422251114,-1.85988641221e-05,-0.00488457508226,-0.0,-0.0,-0.0,geomproj1,e,0.0543932324737,geomproj1,de*,-0.0239358495139,geomproj1,J,-0.181196246043,0.17638090997,-0.180946065242,0.0917235875869,0.000166872059685,0.0455528137428,-6.38715386035e-18,0.0,0.0,0.188179024519,0.170335971223,0.188126303532,0.0893509088319,0.000169155921567,0.0444250140266,-6.73218362353e-18,0.0,0.0,geomproj1,PM,0.0543932324737
16622000000,16622000000,_qdot_,_qdot_,0.0196218844499,-0.0190957775722,0.0195985653399,-0.00993550036411,-1.89179058211e-05,-0.00493416487787,-0.0,-0.0,-0.0,-0.0203788260576,-0.0184410737092,-0.0203768922839,-0.00967956389592,-1.75133392354e-05,-0.00481247425742,-0.0,-0.0,-0.0,geomproj1,e,0.0539207450514,geomproj1,de*,-0.0234852018137,geomproj1,J,-0.180486917266,0.17564765686,-0.18027242236,0.0913891750202,0.000174011548764,0.0453856616252,6.35891841407e-18,0.0,0.0,0.18744945227,0.169625529768,0.187431664945,0.0890350084631,0.000161091999991,0.0442663213802,1.33358470248e-17,0.0,0.0,geomproj1,PM,0.0539207450514
16642000000,16642000000,_qdot_,_qdot_,0.0192680928165,-0.0187469952722,0.0192488363375,-0.00975893709445,-1.93954005929e-05,-0.00484636745907,-0.0,-0.0,-0.0,-0.0200121499344,-0.0181039857554,-0.0200138972734,-0.00950857786122,-1.64205713599e-05,-0.00472729260471,-0.0,-0.0,-0.0,geomproj1,e,0.0534578905251,geomproj1,de*,-0.0229757099032,geomproj1,J,-0.179788090116,0.174925796108,-0.179608410393,0.0910593839505,0.000180975982566,0.0452208299889,6.24792514216e-18,0.0,0.0,0.186730791163,0.1689259572,0.186747095358,0.0887233142205,0.000153218234494,0.0441097578735,-3.66799255647e-19,0.0,0.0,geomproj1,PM,0.0534578905251
16662000000,16662000000,_qdot_,_qdot_,0.0187185890699,-0.0182081007873,0.0187033382558,-0.00948304882202,-1.96199748519e-05,-0.00470925249927,-0.0,-0.0,-0.0,-0.0194421715511,-0.0175833187676,-0.0194473290329,-0.00924075555655,-1.52149349946e-05,-0.00459397915687,-0.0,-0.0,-0.0,geomproj1,e,0.0530071957426,geomproj1,de*,-0.0222395394202,geomproj1,J,-0.179103842344,0.174219370948,-0.178957918985,0.0907360311622,0.000187728512525,0.0450592303745,9.39419693682e-20,0.0,0.0,0.186027248918,0.168241310319,0.186076596912,0.0884177124761,0.000145580059927,0.0439562680483,1.95055044413e-17,0.0,0.0,geomproj1,PM,0.0530071957426
16671000000,16682000000,_qdot_,_qdot_,0.0181480194043,-0.0176490930792,0.0181364835594,-0.00919625555977,-1.97542640759e-05,-0.00456673183532,-0.0,-0.0,-0.0,-0.0188502726703,-0.017043234098,-0.0188585273671,-0.00896222184537,-1.40580130444e-05,-0.00445535483372,-0.0,-0.0,-0.0,geomproj1,e,0.0525712878187,geomproj1,de*,-0.0214856317288,geomproj1,J,-0.178438444317,0.173532805013,-0.178325019366,0.090421191375,0.000194231671887,0.0449018984472,-6.35087696325e-18,0.0,0.0,0.185343273848,0.167575761896,0.185424437264,0.0881200801085,0.000138223897713,0.0438067960861,-6.45429305105e-18,0.0,0.0,geomproj1,PM,0.0525712878187
16703000000,16702000000,_qdot_,_qdot_,0.017394245838,-0.0169123577132,0.0173861884594,-0.00881636979047,-1.96108148266e-05,-0.00437799374955,-0.0,-0.0,-0.0,-0.0180680386572,-0.0163315197343,-0.0180789551315,-0.0085928571627,-1.28346152387e-05,-0.00427159269016,-0.0,-0.0,-0.0,geomproj1,e,0.0521525174736,geomproj1,de*,-0.0205239515595,geomproj1,J,-0.177795801378,0.172870167573,-0.177713442643,0.0901167861338,0.000200452527247,0.044749793373,6.33552105262e-18,0.0,0.0,0.184682994727,0.166933114889,0.184794577794,0.0878321451587,0.000131189401541,0.0436622117786,9.28338358886e-20,0.0,0.0,geomproj1,PM,0.0521525174736
16723000000,16722000000,_qdot_,_qdot_,0.0166654318262,-0.0162003514048,0.0166604556578,-0.00844884677773,-1.94097172797e-05,-0.00419540687926,-0.0,-0.0,-0.0,-0.0173116660567,-0.0156437053631,-0.0173248745118,-0.00823543813182,-1.17122412731e-05,-0.00409378693475,-0.0,-0.0,-0.0,geomproj1,e,0.0517534247513,geomproj1,de*,-0.0196007246738,geomproj1,J,-0.177180287767,0.172235736449,-0.17712738311,0.0898248013606,0.000206356446624,0.0446039086127,1.84635379026e-19,0.0,0.0,0.184050794821,0.166317695627,0.184191221898,0.087555924941,0.000124519922485,0.043523525506,1.9499162207e-30,0.0,0.0,geomproj1,PM,0.0517534247513
16742000000,16742000000,_qdot_,_qdot_,0.0159755438346,-0.0155266061819,0.0159732922435,-0.00810080791256,-1.9177151717e-05,-0.00402250597836,-0.0,-0.0,-0.0,-0.016595676317,-0.0149928459547,-0.0166108630397,-0.00789691056701,-1.0691061692e-05,-0.00392538825908,-0.0,-0.0,-0.0,geomproj1,e,0.0513718309635,geomproj1,de*,-0.0187312693234,geomproj1,J,-0.17658889404,0.171626471201,-0.176564005624,0.0895439131785,0.00021197851213,0.0444635806668,-6.11255741713e-18,0.0,0.0,0.183443653437,0.165726444937,0.183611522937,0.0872900927689,0.000118175805459,0.0433900703803,-1.83652627026e-19,0.0,0.0,geomproj1,PM,0.0513718309635
16762000000,16762000000,_qdot_,_qdot_,0.0152214832116,-0.0147908788949,0.0152216320937,-0.00771997265901,-1.87925826435e-05,-0.00383333051372,-0.0,-0.0,-0.0,-0.015812948696,-0.01428218093,-0.0158297168732,-0.00752634020395,-9.69878516186e-06,-0.00374107730695,-0.0,-0.0,-0.0,geomproj1,e,0.051007858542,geomproj1,de*,-0.0177948795758,geomproj1,J,-0.176022251926,0.171042714751,-0.176023973609,0.0892742811826,0.000217318685073,0.0443288909511,1.97708262549e-30,0.0,0.0,0.182861998424,0.165160097395,0.183055906749,0.087035102496,0.000112157401576,0.0432620686858,-9.13518505446e-20,0.0,0.0,geomproj1,PM,0.051007858542
16782000000,16782000000,_qdot_,_qdot_,0.0144676513425,-0.0140558204284,0.0144698576636,-0.00733903597179,-1.83327068951e-05,-0.00364411493879,-0.0,-0.0,-0.0,-0.0150304279744,-0.0135721216608,-0.0150484397622,-0.00715553003267,-8.77909045083e-06,-0.00355666380659,-0.0,-0.0,-0.0,geomproj1,e,0.050662788657,geomproj1,de*,-0.0168668663456,geomproj1,J,-0.175482529613,0.170487307592,-0.17550929075,0.0890173924407,0.000222362960266,0.0442005749599,5.97885678099e-18,0.0,0.0,0.18230861801,0.164620378586,0.182527088447,0.0867915932675,0.00010648424983,0.043139853663,-1.8183443879e-19,0.0,0.0,geomproj1,PM,0.050662788657
16802000000,16802000000,_qdot_,_qdot_,0.0136761066885,-0.0132845084779,0.0136800387438,-0.00693872908924,-1.77515737137e-05,-0.00344529161656,-0.0,-0.0,-0.0,-0.0142086543305,-0.0128270939839,-0.0142275348688,-0.00676575353205,-7.90665277612e-06,-0.00336283846057,-0.0,-0.0,-0.0,geomproj1,e,0.0503366708507,geomproj1,de*,-0.0159029565319,geomproj1,J,-0.174970331564,0.169960274951,-0.175020637768,0.0887731981788,0.000227111327017,0.0440786131764,9.05050289836e-20,0.0,0.0,0.181783676883,0.164108173362,0.182025232036,0.0865601713808,0.000101156688033,0.0430237182147,6.30790340374e-18,0.0,0.0,geomproj1,PM,0.0503366708507
16822000000,16822000000,_qdot_,_qdot_,0.0128689850229,-0.0124984537879,0.0128743184521,-0.00653029561781,-1.7078379557e-05,-0.00324244310336,-0.0,-0.0,-0.0,-0.013370630663,-0.0120678522525,-0.0133900383302,-0.00636795965261,-7.09357772238e-06,-0.00316504343301,-0.0,-0.0,-0.0,geomproj1,e,0.0500299482232,geomproj1,de*,-0.0149287347657,geomproj1,J,-0.174486675191,0.169462754257,-0.174558989543,0.088542302935,0.000231560582381,0.043963305233,6.0312982356e-18,0.0,0.0,0.181288336682,0.163624358291,0.181551479371,0.0863412386878,9.61796746039e-05,0.0429138665153,6.55932806214e-18,0.0,0.0,geomproj1,PM,0.0500299482232
16842000000,16842000000,_qdot_,_qdot_,0.0119844046317,-0.0116375588714,0.0119907884082,-0.00608233499047,-1.62305859908e-05,-0.00301997837026,-0.0,-0.0,-0.0,-0.0124520625583,-0.011236370864,-0.0124715608705,-0.00593152922771,-6.30613141425e-06,-0.00294806011716,-0.0,-0.0,-0.0,geomproj1,e,0.0497438226237,geomproj1,de*,-0.0138728639946,geomproj1,J,-0.174033795644,0.168997009419,-0.174126498861,0.0883257764821,0.000235695520329,0.0438551863601,1.22909845938e-17,0.0,0.0,0.180824978563,0.163171081988,0.181108126987,0.0861358221118,9.15756785238e-05,0.0428108118629,6.36102035451e-18,0.0,0.0,geomproj1,PM,0.0497438226237
16862000000,16862000000,_qdot_,_qdot_,0.0111092940797,-0.0107862312821,0.0111164288287,-0.00563897374974,-1.53268636146e-05,-0.00279980660371,-0.0,-0.0,-0.0,-0.0115432591706,-0.0104141539629,-0.0115625588211,-0.00549949393335,-5.58856889636e-06,-0.00273327581119,-0.0,-0.0,-0.0,geomproj1,e,0.0494780834205,geomproj1,de*,-0.0128352956673,geomproj1,J,-0.173611725064,0.168563025373,-0.173723224144,0.0881236875412,0.000239522260628,0.0437542881508,-1.21738892985e-17,0.0,0.0,0.180393562642,0.16274834581,0.18069517007,0.0859439512447,8.7335980106e-05,0.0427145708137,1.78884313533e-19,0.0,0.0,geomproj1,PM,0.0494780834205
16882000000,16882000000,_qdot_,_qdot_,0.0102097760837,-0.009911558223,0.0102173589924,-0.00518303082269,-1.43244128179e-05,-0.0025733966403,-0.0,-0.0,-0.0,-0.0106090206339,-0.00956942538307,-0.0106277915368,-0.00505510324492,-4.91991157048e-06,-0.00251236450959,-0.0,-0.0,-0.0,geomproj1,e,0.0492334986695,geomproj1,de*,-0.0117767234887,geomproj1,J,-0.173222007277,0.168162356995,-0.173350661094,0.0879367966079,0.000243032121472,0.0436609900059,-1.22323403495e-17,0.0,0.0,0.179995705526,0.162357632504,0.180314178081,0.0857663404073,8.34726394465e-05,0.0426255012642,1.78299615584e-19,0.0,0.0,geomproj1,PM,0.0492334986695
16902000000,16902000000,_qdot_,_qdot_,0.00928794588501,-0.0090155550912,0.00929569120877,-0.00471558067626,-1.32294016192e-05,-0.00234128150103,-0.0,-0.0,-0.0,-0.00965152228816,-0.00870413642458,-0.00966945314823,-0.00459941350299,-4.29790741271e-06,-0.00228585028969,-0.0,-0.0,-0.0,geomproj1,e,0.049010367352,geomproj1,de*,-0.0106992090167,geomproj1,J,-0.172865435123,0.167795750859,-0.173009589576,0.0877654667191,0.000246223039585,0.0435754741071,-1.2031051024e-17,0.0,0.0,0.179632248142,0.161999687448,0.179965973808,0.0856033859745,7.99918134983e-05,0.0425437992259,-8.40491833198e-20,0.0,0.0,geomproj1,PM,0.049010367352
16922000000,16922000000,_qdot_,_qdot_,0.00828663771024,-0.0080427220127,0.00829422519644,-0.00420761422188,-1.19630678486e-05,-0.0020890576255,-0.0,-0.0,-0.0,-0.00861135594765,-0.0077647062598,-0.00862803834843,-0.00410413107555,-3.69303129136e-06,-0.00203967101979,-0.0,-0.0,-0.0,geomproj1,e,0.0488089952394,geomproj1,de*,-0.00953712358526,geomproj1,J,-0.172542781544,0.167464015657,-0.172700766726,0.0876101365706,0.000249092704974,0.0434979573275,-6.21762173457e-18,0.0,0.0,0.179304002422,0.161675224956,0.179651360173,0.0854554303393,7.68955894562e-05,0.0424696388928,1.77323282397e-19,0.0,0.0,geomproj1,PM,0.0488089952394
16942000000,16942000000,_qdot_,_qdot_,0.00733524419648,-0.00711862846623,0.00734248561859,-0.00372484269908,-1.07149762467e-05,-0.00184934981808,-0.0,-0.0,-0.0,-0.00762297999028,-0.00687236963804,-0.00763827923161,-0.00363335719363,-3.15994434203e-06,-0.00180568295642,-0.0,-0.0,-0.0,geomproj1,e,0.0486307292436,geomproj1,de*,-0.00843782828702,geomproj1,J,-0.172256486747,0.167169612518,-0.172426539972,0.087471977734,0.00025162409245,0.0434290248416,6.11774868724e-18,0.0,0.0,0.179013502004,0.161386617509,0.179372780236,0.085323586851,7.4206242641e-05,0.0424035783841,-6.20194364012e-18,0.0,0.0,geomproj1,PM,0.0486307292436
16965000000,16962000000,_qdot_,_qdot_,0.00641370581174,-0.00622375453211,0.00642043575505,-0.00325710762849,-9.46526432804e-06,-0.00161711317513,-0.0,-0.0,-0.0,-0.00666555186368,-0.00600828538707,-0.00667933380587,-0.00317719942558,-2.68088372855e-06,-0.0015789676397,-0.0,-0.0,-0.0,geomproj1,e,0.048474004158,geomproj1,de*,-0.00737745405436,geomproj1,J,-0.172004305875,0.166910146747,-0.172184791114,0.0873498961822,0.000253841736502,0.0433681302783,6.02360362474e-18,0.0,0.0,0.178758373901,0.161131643364,0.179127981343,0.0852068987671,7.18965849691e-05,0.0423451341294,-1.24726006125e-17,0.0,0.0,geomproj1,PM,0.048474004158
16986000000,16982000000,_qdot_,_qdot_,0.0054516801079,-0.00528981516917,0.00545768462755,-0.0027687077108,-8.11564686572e-06,-0.0013746215519,-0.0,-0.0,-0.0,-0.00566596920579,-0.00510653095187,-0.00567797394443,-0.00270083709907,-2.22084187667e-06,-0.00134221913861,-0.0,-0.0,-0.0,geomproj1,e,0.0483398487921,geomproj1,de*,-0.00627538745584,geomproj1,J,-0.171788096615,0.166687564452,-0.17197730526,0.0872448526527,0.000255732453165,0.0433157513453,-6.01506142715e-18,0.0,0.0,0.178540568426,0.160912088598,0.178918850197,0.0851061792575,6.99810317786e-05,0.0422947176832,1.89040127401e-17,0.0,0.0,geomproj1,PM,0.0483398487921
17002000000,17002000000,_qdot_,_qdot_,0.00459159107203,-0.00445496642658,0.00459684667295,-0.0023319973375,-6.88546846379e-06,-0.00115779677011,-0.0,-0.0,-0.0,-0.00477225620538,-0.00430047962763,-0.00478257063818,-0.00227486488709,-1.83062959485e-06,-0.00113051864823,-0.0,-0.0,-0.0,geomproj1,e,0.0482257119715,geomproj1,de*,-0.00529266007191,geomproj1,J,-0.171603924296,0.166497780272,-0.171800344606,0.0871549509279,0.00025733419864,0.0432709416347,6.09586342881e-18,0.0,0.0,0.17835601641,0.160724064683,0.178741503078,0.0850197101057,6.84170731848e-05,0.0422514621801,6.1766209452e-18,0.0,0.0,geomproj1,PM,0.0482257119715
17022000000,17022000000,_qdot_,_qdot_,0.00378004851419,-0.00366736395165,0.0037845059996,-0.00191988419681,-5.70273749698e-06,-0.000953186879966,-0.0,-0.0,-0.0,-0.0039289329445,-0.00354007946593,-0.00393755957383,-0.00187286383408,-1.48140386261e-06,-0.000930735328919,-0.0,-0.0,-0.0,geomproj1,e,0.0481308975983,geomproj1,de*,-0.00436779986476,geomproj1,J,-0.171450793347,0.166339785493,-0.171652970491,0.0870797471097,0.000258657756491,0.0432334786617,-8.45059719402e-20,0.0,0.0,0.1782037103,0.160566572272,0.178594986348,0.0849470553034,6.71916951751e-05,0.0422151488111,-1.86881665573e-17,0.0,0.0,geomproj1,PM,0.0481308975983
17042000000,17042000000,_qdot_,_qdot_,0.00298795800218,-0.0028987482464,0.00299156085762,-0.00151760978019,-4.52961947667e-06,-0.000753463680738,-0.0,-0.0,-0.0,-0.00310576241271,-0.00279805144065,-0.00311266454214,-0.0014804449674,-1.15589240305e-06,-0.00073571716891,-0.0,-0.0,-0.0,geomproj1,e,0.0480540461991,geomproj1,de*,-0.00346715937672,geomproj1,J,-0.171326639098,0.166211437472,-0.171533223366,0.0870182857032,0.000259724025829,0.0432028830424,-5.90874673254e-18,0.0,0.0,0.178081430737,0.160437579445,0.178477192202,0.0848872910698,6.62777590679e-05,0.0421853151164,-6.25390945937e-18,0.0,0.0,geomproj1,PM,0.0480540461991
17062000000,17062000000,_qdot_,_qdot_,0.00233506829042,-0.0022652628314,0.00233792846701,-0.00118601025025,-3.55314746751e-06,-0.000588830461012,-0.0,-0.0,-0.0,-0.00242722335281,-0.00218650126838,-0.00243266487502,-0.00115696295056,-8.95373065433e-07,-0.000574959659754,-0.0,-0.0,-0.0,geomproj1,e,0.0479939396798,geomproj1,de*,-0.00272583844974,geomproj1,J,-0.171229564862,0.166110760233,-0.171439300395,0.0869696273574,0.000260550792989,0.0431786873343,-6.07751658271e-18,0.0,0.0,0.177987256402,0.160335208306,0.178386280912,0.0848396012217,6.56573261741e-05,0.0421615473759,-1.86592120777e-17,0.0,0.0,geomproj1,PM,0.0479939396798
17082000000,17082000000,_qdot_,_qdot_,0.00173864682308,-0.00168661754426,0.00174079847904,-0.000883079194636,-2.6530675631e-06,-0.000438431203028,-0.0,-0.0,-0.0,-0.00180733164683,-0.00162792101735,-0.00181140764699,-0.000861444542939,-6.63186622307e-07,-0.000428099927752,-0.0,-0.0,-0.0,geomproj1,e,0.0479481569474,geomproj1,de*,-0.00204952365557,geomproj1,J,-0.171155693031,0.166033832078,-0.171367506128,0.0869319919105,0.000261173006152,0.0431599997219,-1.18069651742e-17,0.0,0.0,0.177917157438,0.160255634569,0.178318406629,0.0848022357372,6.52853497577e-05,0.0421429693761,-1.72750709011e-19,0.0,0.0,geomproj1,PM,0.0479481569474
17102000000,17102000000,_qdot_,_qdot_,0.00119646612717,-0.00116063247627,0.00119795507882,-0.000607693411559,-1.82937040546e-06,-0.000301707872998,-0.0,-0.0,-0.0,-0.0012437790616,-0.00112020300418,-0.00124659387373,-0.000592798589471,-4.5549231245e-07,-0.000294595031627,-0.0,-0.0,-0.0,geomproj1,e,0.0479151956574,geomproj1,de*,-0.00143532389394,geomproj1,J,-0.17110261646,0.165978165975,-0.171315546452,0.0869042009317,0.000261612139067,0.0431462331481,1.78750013066e-17,0.0,0.0,0.177868680864,0.160196482483,0.178271217726,0.0847741422755,6.51384311415e-05,0.0421290495092,2.64094377327e-19,0.0,0.0,geomproj1,PM,0.0479151956574
17122000000,17122000000,_qdot_,_qdot_,0.000736424205613,-0.00071435476451,0.000737342009153,-0.000374028750073,-1.12740377056e-06,-0.000185698200207,-0.0,-0.0,-0.0,-0.000765573880299,-0.000689447221693,-0.000767308781974,-0.000364855475034,-2.80622319363e-07,-0.000181317627668,-0.0,-0.0,-0.0,geomproj1,e,0.0478935311641,geomproj1,de*,-0.000914517684757,geomproj1,J,-0.171067899345,0.165941271377,-0.171281100816,0.0868851296331,0.000261890624009,0.0431368235582,-1.17113374826e-17,0.0,0.0,0.177839232467,0.160155365651,0.178242242013,0.0847542207372,6.51872525603e-05,0.0421192370417,-6.07113592677e-18,0.0,0.0,geomproj1,PM,0.0478935311641
17142000000,17142000000,_qdot_,_qdot_,0.00038237277838,-0.000370908259077,0.000382848413323,-0.000194202188568,-5.85769524437e-07,-9.641789824e-05,-0.0,-0.0,-0.0,-0.000397522891979,-0.000357963292336,-0.000398423333862,-0.000189435740422,-1.46198939257e-07,-9.41417745092e-05,-0.0,-0.0,-0.0,geomproj1,e,0.047881299696,geomproj1,de*,-0.000513862321045,geomproj1,J,-0.1710485245,0.165920049824,-0.171261292405,0.0868733332687,0.000262034900278,0.0431310494936,-5.8090483263e-18,0.0,0.0,0.177825692551,0.160129319976,0.178228491244,0.0847411367096,6.53998251374e-05,0.0421128608888,-1.21375686821e-17,0.0,0.0,geomproj1,PM,0.047881299696
17162000000,17162000000,_qdot_,_qdot_,0.000118705414311,-0.000115145049671,0.00011885240908,-6.02873108417e-05,-1.81887107548e-07,-2.99316370223e-05,-0.0,-0.0,-0.0,-0.000123413256313,-0.000111122505842,-0.00012369230106,-5.88064103982e-05,-4.56226744656e-08,-2.92244751178e-05,-0.0,-0.0,-0.0,geomproj1,e,0.047876168579,geomproj1,de*,-0.000215552233269,geomproj1,J,-0.171040698336,0.165910626906,-0.171252500704,0.0868670043987,0.000262078171191,0.0431280083416,5.89670177767e-18,0.0,0.0,0.177824151208,0.160114609011,0.178226222239,0.0847331990665,6.57369686614e-05,0.0421090702698,1.8994708658e-17,0.0,0.0,geomproj1,PM,0.047876168579
17184000000,17182000000,_qdot_,_qdot_,-3.50176334157e-05,3.39670498732e-05,-3.50607250687e-05,1.77839856461e-05,5.36508151438e-08,8.82947332473e-06,-0.0,-0.0,-0.0,3.64077800408e-05,3.27792661509e-05,3.64898763218e-05,1.73467507264e-05,1.35447558488e-08,8.62068892913e-06,-0.0,-0.0,-0.0,geomproj1,e,0.0478758477942,geomproj1,de*,-4.16436988856e-05,geomproj1,J,-0.171040690473,0.165909203363,-0.171251168034,0.0868643848133,0.000262052902254,0.043126821166,1.77778195573e-17,0.0,0.0,0.177830744952,0.160107573493,0.178231737344,0.0847287475568,6.61582227777e-05,0.0421070313144,1.73493258501e-19,0.0,0.0,geomproj1,PM,0.0478758477942
17202000000,17202000000,_qdot_,_qdot_,-7.18264970667e-05,6.96710634124e-05,-7.19142582489e-05,3.64765101388e-05,1.1002023507e-07,1.81100719532e-05,-0.0,-0.0,-0.0,7.4680655721e-05,6.72323825013e-05,7.48485260712e-05,3.55788841895e-05,2.79744619145e-08,1.76814565484e-05,-0.0,-0.0,-0.0,geomproj1,e,0.0478776954164,geomproj1,de*,0.0,geomproj1,J,-0.17104422437,0.165911376568,-0.1712532147,0.0868634367429,0.000261996986365,0.0431264691586,6.07010735112e-18,0.0,0.0,0.177840982853,0.16010401714,0.178240741369,0.0847258727444,6.66170610534e-05,0.0421057846974,1.76796215708e-19,0.0,0.0,geomproj1,PM,0.0478776954164
17222000000,17222000000,_qdot_,_qdot_,-7.18250142539e-05,6.96691081155e-05,-7.19121393027e-05,3.64745999019e-05,1.09990557451e-07,1.81091736823e-05,-0.0,-0.0,-0.0,7.4681872433e-05,6.72281183615e-05,7.48492099803e-05,3.55761983792e-05,2.81677588848e-08,1.76801986323e-05,-0.0,-0.0,-0.0,geomproj1,e,0.0478797833636,geomproj1,de*,0.0,geomproj1,J,-0.171048147578,0.165913950876,-0.171255632093,0.0868626732857,0.000261937728777,0.0431262095067,-6.07023359115e-18,0.0,0.0,0.177851631079,0.160100839942,0.17825013817,0.0847231691332,6.70802926907e-05,0.0421046240824,6.15559101504e-18,0.0,0.0,geomproj1,PM,0.0478797833636
17242000000,17242000000,_qdot_,_qdot_,-7.18235432852e-05,6.96671417624e-05,-7.19100333628e-05,3.64726821447e-05,1.09960925789e-07,1.81082717943e-05,-0.0,-0.0,-0.0,7.46830806475e-05,6.72238730436e-05,7.48498853501e-05,3.55735257064e-05,2.83609326811e-08,1.76789469571e-05,-0.0,-0.0,-0.0,geomproj1,e,0.0478818677984,geomproj1,de*,0.0,geomproj1,J,-0.17105208641,0.165916486539,-0.17125806773,0.086861885288,0.000261878555686,0.0431259379587,1.7714651145e-19,0.0,0.0,0.177862246555,0.160097695194,0.178259501983,0.0847204901724,6.75432662569e-05,0.0421034750478,-5.98178637607e-18,0.0,0.0,geomproj1,PM,0.0478818677984
17262000000,17262000000,_qdot_,_qdot_,-7.18220674007e-05,6.96651889225e-05,-7.19079221049e-05,3.64707719967e-05,1.09931279197e-07,1.81073736604e-05,-0.0,-0.0,-0.0,7.46843038287e-05,6.72196169225e-05,7.48505755407e-05,3.55708465861e-05,2.8554302218e-08,1.7677692236e-05,-0.0,-0.0,-0.0,geomproj1,e,0.0478839466801,geomproj1,de*,0.0,geomproj1,J,-0.171055995697,0.165919036974,-0.171260472712,0.086861106113,0.000261819314062,0.0431256707449,5.72209793305e-18,0.0,0.0,0.177872879698,0.160094507429,0.178268882964,0.0847177866189,6.80067390723e-05,0.0421023141841,5.97869542785e-18,0.0,0.0,geomproj1,PM,0.0478839466801
17282000000,17282000000,_qdot_,_qdot_,-7.18205835038e-05,6.96632300355e-05,-7.19058026376e-05,3.64688616392e-05,1.09901611168e-07,1.81064752074e-05,-0.0,-0.0,-0.0,7.46855104447e-05,6.72153557547e-05,7.48512500985e-05,3.55681612331e-05,2.87473339202e-08,1.76764346445e-05,-0.0,-0.0,-0.0,geomproj1,e,0.0478860399685,geomproj1,de*,0.0,geomproj1,J,-0.171059932129,0.165921617737,-0.171262904292,0.0868603496723,0.000261760086455,0.0431254143166,-8.87493278025e-20,0.0,0.0,0.177883522027,0.160091350313,0.178278275349,0.0847150907116,6.84694658464e-05,0.0421011576772,6.59684798575e-18,0.0,0.0,geomproj1,PM,0.0478860399685
17302000000,17302000000,_qdot_,_qdot_,-7.18191075489e-05,6.96612774649e-05,-7.19036914494e-05,3.6466951882e-05,1.09871967798e-07,1.81055772505e-05,-0.0,-0.0,-0.0,7.46867331114e-05,6.72110997683e-05,7.48519399008e-05,3.55654820701e-05,2.89406941265e-08,1.76751799356e-05,-0.0,-0.0,-0.0,geomproj1,e,0.0478881190921,geomproj1,de*,0.0,geomproj1,J,-0.171063841287,0.165924168635,-0.171265309217,0.0868595709676,0.000261700841222,0.0431251473165,6.25154236021e-18,0.0,0.0,0.177894155125,0.160088161715,0.178287656367,0.0847123862684,6.89329967436e-05,0.042099996483,-1.74544299959e-19,0.0,0.0,geomproj1,PM,0.0478881190921
17322000000,17322000000,_qdot_,_qdot_,-7.18176245148e-05,6.96593256418e-05,-7.19015726526e-05,3.64650452224e-05,1.09842297878e-07,1.81046806388e-05,-0.0,-0.0,-0.0,7.46879490288e-05,6.72068352923e-05,7.48526236798e-05,3.55627949605e-05,2.91339401765e-08,1.7673921529e-05,-0.0,-0.0,-0.0,geomproj1,e,0.0478902067081,geomproj1,de*,0.0,geomproj1,J,-0.171067760962,0.165926747761,-0.171267723298,0.0868588133024,0.000261641568959,0.043124890314,-1.18780815347e-17,0.0,0.0,0.177904801189,0.160084977921,0.178297052033,0.0847096760515,6.93963069325e-05,0.0420988330344,6.42343533004e-18,0.0,0.0,geomproj1,PM,0.0478902067081
17342000000,17342000000,_qdot_,_qdot_,-7.1816143017e-05,6.96573726677e-05,-7.18994558016e-05,3.64631397529e-05,1.09812639941e-07,1.81037845116e-05,-0.0,-0.0,-0.0,7.4689159513e-05,6.72025751448e-05,7.48533024661e-05,3.55601094609e-05,2.93268270712e-08,1.76726641153e-05,-0.0,-0.0,-0.0,geomproj1,e,0.0478922950292,geomproj1,de*,0.0,geomproj1,J,-0.171071686119,0.165929325807,-0.171270143707,0.0868580591588,0.000261582322339,0.0431246348164,1.18812039237e-17,0.0,0.0,0.177915436779,0.160081805547,0.17830643817,0.0847069701669,6.98588025592e-05,0.0420976722141,-1.24917699942e-17,0.0,0.0,geomproj1,PM,0.0478922950292
17362000000,17362000000,_qdot_,_qdot_,-7.1814665144e-05,6.96554129603e-05,-7.18973429795e-05,3.64612247151e-05,1.09782999507e-07,1.81028840211e-05,-0.0,-0.0,-0.0,7.46903755515e-05,6.71983200943e-05,7.48539855459e-05,3.55574316413e-05,2.95202927662e-08,1.76714098512e-05,-0.0,-0.0,-0.0,geomproj1,e,0.0478943802924,geomproj1,de*,0.0,geomproj1,J,-0.171075609174,0.165931877292,-0.171272562833,0.0868572765306,0.000261523095318,0.0431243661097,-5.8100769255e-18,0.0,0.0,0.177926075006,0.160078634671,0.178315823804,0.0847042768562,7.03227127474e-05,0.0420965160694,-8.91019718276e-20,0.0,0.0,geomproj1,PM,0.0478943802924
17382000000,17382000000,_qdot_,_qdot_,-7.18131858721e-05,6.96534607487e-05,-7.18952287316e-05,3.64593190019e-05,1.09753354248e-07,1.81019878112e-05,-0.0,-0.0,-0.0,7.46915881224e-05,6.7194062738e-05,7.48546664319e-05,3.55547485811e-05,2.9713273887e-08,1.76701535696e-05,-0.0,-0.0,-0.0,geomproj1,e,0.0478964657495,geomproj1,de*,0.0,geomproj1,J,-0.171079529436,0.165934447048,-0.171274978971,0.0868565161489,0.000261463851947,0.0431241076271,-1.78663693335e-17,0.0,0.0,0.177936706102,0.160075458212,0.178325205235,0.0847015709245,7.07855089961e-05,0.0420953550664,6.15729728649e-18,0.0,0.0,geomproj1,PM,0.0478964657495
17402000000,17402000000,_qdot_,_qdot_,-7.18117057247e-05,6.96515068423e-05,-7.18931133348e-05,3.64574097618e-05,1.09723702171e-07,1.81010900164e-05,-0.0,-0.0,-0.0,7.46928048214e-05,6.71898026705e-05,7.48553507823e-05,3.5552065518e-05,2.99065888272e-08,1.76688970538e-05,-0.0,-0.0,-0.0,geomproj1,e,0.0478985513549,geomproj1,de*,0.0,geomproj1,J,-0.171083447911,0.165937012949,-0.171277392539,0.0868557472766,0.000261404587115,0.0431238453353,-5.89594666356e-18,0.0,0.0,0.177947347915,0.160072274976,0.178334595692,0.0846988647294,7.12491407936e-05,0.0420941933941,2.48978781937e-17,0.0,0.0,geomproj1,PM,0.0478985513549
17422000000,17422000000,_qdot_,_qdot_,-7.18102358195e-05,6.96495423256e-05,-7.18910091917e-05,3.64554938724e-05,1.09694089645e-07,1.81001889951e-05,-0.0,-0.0,-0.0,7.4694012045e-05,6.71855593448e-05,7.48560257174e-05,3.55493937524e-05,3.00997388467e-08,1.76676459401e-05,-0.0,-0.0,-0.0,geomproj1,e,0.0479006350624,geomproj1,de*,0.0,geomproj1,J,-0.171087383524,0.165939546419,-0.171279825517,0.0868549586353,0.000261345399737,0.043123573417,6.25022516301e-18,0.0,0.0,0.177957960169,0.160069124237,0.178343956608,0.0846961814503,7.17124168339e-05,0.0420930426203,-1.24941790211e-17,0.0,0.0,geomproj1,PM,0.0479006350624
17442000000,17442000000,_qdot_,_qdot_,-7.18087612536e-05,6.96475908755e-05,-7.18889000144e-05,3.64535851637e-05,1.09664463378e-07,1.80992915275e-05,-0.0,-0.0,-0.0,7.46952341552e-05,6.71813056752e-05,7.48567153549e-05,3.55467159722e-05,3.02930958311e-08,1.76663919759e-05,-0.0,-0.0,-0.0,geomproj1,e,0.0479027131459,geomproj1,de*,0.0,geomproj1,J,-0.171091289946,0.165942093367,-0.171282228262,0.0868541776786,0.000261286146329,0.0431233052971,-8.94536908527e-20,0.0,0.0,0.177968589644,0.160065931337,0.178353334156,0.0846934744849,7.21762184963e-05,0.0420918804208,6.333708161e-18,0.0,0.0,geomproj1,PM,0.0479027131459
17462000000,17462000000,_qdot_,_qdot_,-7.18072795731e-05,6.96456401877e-05,-7.18867831928e-05,3.6451679564e-05,1.09634810503e-07,1.80983954106e-05,-0.0,-0.0,-0.0,7.46964495174e-05,6.71770434792e-05,7.48573989705e-05,3.55440302201e-05,3.04863383236e-08,1.7665134302e-05,-0.0,-0.0,-0.0,geomproj1,e,0.0479047997464,geomproj1,de*,0.0,geomproj1,J,-0.171095206872,0.165944668653,-0.171284640149,0.0868534178276,0.000261226865784,0.0431230472069,5.98534086976e-18,0.0,0.0,0.177979232172,0.160062743213,0.178362726438,0.0846907617127,7.2639799102e-05,0.0420907159523,-8.64045362381e-20,0.0,0.0,geomproj1,PM,0.0479047997464
17482000000,17482000000,_qdot_,_qdot_,-7.18057993037e-05,6.96436885163e-05,-7.18846681876e-05,3.6449775266e-05,1.09605169318e-07,1.8097499832e-05,-0.0,-0.0,-0.0,7.46976595738e-05,6.71727854373e-05,7.48580777223e-05,3.55413459587e-05,3.06792203133e-08,1.76638775651e-05,-0.0,-0.0,-0.0,geomproj1,e,0.0479068870489,geomproj1,de*,0.0,geomproj1,J,-0.171099128981,0.165947243255,-0.171287058054,0.0868526617631,0.000261167610193,0.0431227907496,-8.96309097577e-20,0.0,0.0,0.177989864522,0.160059566093,0.178372109491,0.0846880529889,7.31025616917e-05,0.0420895539792,1.20541121031e-17,0.0,0.0,geomproj1,PM,0.0479068870489
17502000000,17502000000,_qdot_,_qdot_,-7.18043227813e-05,6.96417298743e-05,-7.18825573379e-05,3.64478612373e-05,1.09575545929e-07,1.8096599812e-05,-0.0,-0.0,-0.0,7.46988750058e-05,6.71685326877e-05,7.48587605847e-05,3.5538669519e-05,3.08726832694e-08,1.76626240428e-05,-0.0,-0.0,-0.0,geomproj1,e,0.0479089713381,geomproj1,de*,0.0,geomproj1,J,-0.171103049415,0.165949790855,-0.171289475116,0.0868518768897,0.000261108375143,0.0431225209282,-1.19708369223e-17,0.0,0.0,0.178000499222,0.16005639107,0.178381491745,0.0846853572503,7.35667442627e-05,0.0420883968726,-6.16171597411e-18,0.0,0.0,geomproj1,PM,0.0479089713381
17522000000,17522000000,_qdot_,_qdot_,-7.18028448855e-05,6.96397787563e-05,-7.18804450878e-05,3.6445956555e-05,1.09545917757e-07,1.80957040828e-05,-0.0,-0.0,-0.0,7.47000869904e-05,6.71642776467e-05,7.48594412756e-05,3.55359878418e-05,3.1065661142e-08,1.76613685057e-05,-0.0,-0.0,-0.0,geomproj1,e,0.0479110557862,geomproj1,de*,0.0,geomproj1,J,-0.171106967007,0.165952356693,-0.17129188914,0.0868511142664,0.000261049123683,0.0431222613311,-5.98545753514e-18,0.0,0.0,0.178011126724,0.160053210394,0.178390869734,0.0846826488408,7.40298112778e-05,0.0420872348863,-6.07212328702e-18,0.0,0.0,geomproj1,PM,0.0479110557862
17542000000,17542000000,_qdot_,_qdot_,-7.18013650886e-05,6.9637826087e-05,-7.18783305773e-05,3.64440487609e-05,1.0951627895e-07,1.80948069527e-05,-0.0,-0.0,-0.0,7.47013024479e-05,6.71600186395e-05,7.48601248254e-05,3.55333050853e-05,3.12589497983e-08,1.76601122408e-05,-0.0,-0.0,-0.0,geomproj1,e,0.0479131414539,geomproj1,de*,0.0,geomproj1,J,-0.171110883884,0.165954922428,-0.171294301466,0.0868503459243,0.000260989847028,0.0431219992483,-1.16145533319e-17,0.0,0.0,0.178021767042,0.160050023239,0.178400258975,0.0846799393432,7.44936607078e-05,0.0420860719191,1.24977952412e-17,0.0,0.0,geomproj1,PM,0.0479131414539
17562000000,17562000000,_qdot_,_qdot_,-7.17998971572e-05,6.9635862392e-05,-7.18762290917e-05,3.64421334602e-05,1.09486686068e-07,1.80939062123e-05,-0.0,-0.0,-0.0,7.47025094591e-05,6.71557784643e-05,7.48607998872e-05,3.55306354771e-05,3.14521154302e-08,1.7658862221e-05,-0.0,-0.0,-0.0,geomproj1,e,0.0479152235663,geomproj1,de*,0.0,geomproj1,J,-0.17111481632,0.165957449443,-0.171296731969,0.0868495529971,0.000260930654745,0.0431217252475,8.68403036852e-20,0.0,0.0,0.178032374569,0.160046868473,0.178409615186,0.0846772544823,7.49572515809e-05,0.0420849205222,1.79964970551e-19,0.0,0.0,geomproj1,PM,0.0479152235663
17582000000,17582000000,_qdot_,_qdot_,-7.17984243121e-05,6.96339121976e-05,-7.18741222922e-05,3.6440225761e-05,1.09457078295e-07,1.80930092223e-05,-0.0,-0.0,-0.0,7.47037314241e-05,6.71515274879e-05,7.48614897558e-05,3.55279594231e-05,3.16454774104e-08,1.76576091565e-05,-0.0,-0.0,-0.0,geomproj1,e,0.0479173001224,geomproj1,de*,0.0,geomproj1,J,-0.171118719203,0.165959991219,-0.171299131817,0.0868487688894,0.000260871394115,0.0431214555794,1.92763502836e-30,0.0,0.0,0.178042999738,0.160043670685,0.178418988542,0.0846745450284,7.54213426677e-05,0.0420837572969,9.00705634946e-20,0.0,0.0,geomproj1,PM,0.0479173001224
17602000000,17602000000,_qdot_,_qdot_,-7.17969434615e-05,6.96319559548e-05,-7.18720072916e-05,3.64383178505e-05,1.09427449161e-07,1.80921119123e-05,-0.0,-0.0,-0.0,7.47049368248e-05,6.71472714788e-05,7.48621639929e-05,3.55252771458e-05,3.18385007952e-08,1.76563532256e-05,-0.0,-0.0,-0.0,geomproj1,e,0.0479193910945,geomproj1,de*,0.0,geomproj1,J,-0.17112264925,0.16596256332,-0.171301558279,0.0868480075078,0.000260812147401,0.0431211966929,-1.15235737392e-17,0.0,0.0,0.178053634113,0.160040503556,0.178428373318,0.0846718432211,7.58846873076e-05,0.0420825984282,1.89236915715e-30,0.0,0.0,geomproj1,PM,0.0479193910945
17622000000,17622000000,_qdot_,_qdot_,-7.17954705453e-05,6.963000603e-05,-7.18699005609e-05,3.64364105417e-05,1.09397844602e-07,1.80912150991e-05,-0.0,-0.0,-0.0,7.47061582765e-05,6.71430206362e-05,7.48628534743e-05,3.55226010488e-05,3.20318534354e-08,1.76551001732e-05,-0.0,-0.0,-0.0,geomproj1,e,0.0479214678921,geomproj1,de*,0.0,geomproj1,J,-0.171126552003,0.165965105561,-0.171303958068,0.0868472238708,0.000260752883171,0.0431209272387,9.02470076787e-20,0.0,0.0,0.178064259237,0.160037304934,0.178437746711,0.0846691328782,7.63488363685e-05,0.0420814348726,1.8923097767e-30,0.0,0.0,geomproj1,PM,0.0479214678921
17642000000,17642000000,_qdot_,_qdot_,-7.17939905546e-05,6.96280568464e-05,-7.18677862287e-05,3.64345063259e-05,1.09368213567e-07,1.8090319629e-05,-0.0,-0.0,-0.0,7.47073729728e-05,6.7138761316e-05,7.48635369261e-05,3.55199170138e-05,3.22250915436e-08,1.76538434268e-05,-0.0,-0.0,-0.0,geomproj1,e,0.0479235531886,geomproj1,de*,0.0,geomproj1,J,-0.171130465284,0.165967676026,-0.171306367027,0.0868464612677,0.000260693591908,0.0431206677793,1.92753958712e-30,0.0,0.0,0.178074897331,0.160034111126,0.178447134753,0.0846664167637,7.68127647882e-05,0.0420802690636,-1.23201338857e-17,0.0,0.0,geomproj1,PM,0.0479235531886
17662000000,17662000000,_qdot_,_qdot_,-7.17925120968e-05,6.9626106512e-05,-7.1865673837e-05,3.64326032982e-05,1.09338594484e-07,1.80894246424e-05,-0.0,-0.0,-0.0,7.47085822421e-05,6.71345063182e-05,7.48642153908e-05,3.55172345855e-05,3.24179704587e-08,1.76525876716e-05,-0.0,-0.0,-0.0,geomproj1,e,0.0479256391931,geomproj1,de*,0.0,geomproj1,J,-0.171134384055,0.165970245421,-0.171308782317,0.0868457021889,0.000260634326255,0.0431204098265,1.18778830787e-17,0.0,0.0,0.178085524969,0.160030928742,0.178456513284,0.0846637049827,7.72758780092e-05,0.0420791058834,-6.06985511345e-18,0.0,0.0,geomproj1,PM,0.0479256391931
17682000000,17682000000,_qdot_,_qdot_,-7.17910372665e-05,6.96241494564e-05,-7.18635654766e-05,3.64306907134e-05,1.09308992871e-07,1.80885252979e-05,-0.0,-0.0,-0.0,7.47097970699e-05,6.71302564176e-05,7.48648981552e-05,3.55145598354e-05,3.26114281953e-08,1.76513350655e-05,-0.0,-0.0,-0.0,geomproj1,e,0.0479277221297,geomproj1,de*,0.0,geomproj1,J,-0.171138300702,0.16597278824,-0.171311196304,0.0868449146228,0.000260575080171,0.0431201386629,-5.80474179417e-18,0.0,0.0,0.178096155219,0.160027747842,0.178465891291,0.0846610057722,7.77404062863e-05,0.0420779473768,-9.05121695437e-20,0.0,0.0,geomproj1,PM,0.0479277221297
17702000000,17702000000,_qdot_,_qdot_,-7.17895610313e-05,6.96221998869e-05,-7.18614556838e-05,3.64287874438e-05,1.09279386428e-07,1.80876302295e-05,-0.0,-0.0,-0.0,7.47110084282e-05,6.71260042047e-05,7.48655787218e-05,3.55118798423e-05,3.28044013921e-08,1.76500804403e-05,-0.0,-0.0,-0.0,geomproj1,e,0.0479298052682,geomproj1,de*,0.0,geomproj1,J,-0.171142214571,0.165975349352,-0.171313607318,0.0868441493125,0.000260515817781,0.0431198777281,-1.21528115765e-17,0.0,0.0,0.178106778361,0.160024561369,0.178475265116,0.0846582939426,7.82038199046e-05,0.0420767840132,6.42935692592e-18,0.0,0.0,geomproj1,PM,0.0479298052682
17722000000,17722000000,_qdot_,_qdot_,-7.17880839251e-05,6.96202486242e-05,-7.1859344748e-05,3.642688065e-05,1.09249773188e-07,1.80867335774e-05,-0.0,-0.0,-0.0,7.47122239109e-05,6.71217492882e-05,7.48662627501e-05,3.55091998506e-05,3.29977084259e-08,1.76488255833e-05,-0.0,-0.0,-0.0,geomproj1,e,0.0479318885505,geomproj1,de*,0.0,geomproj1,J,-0.171146126645,0.165977906591,-0.171316015757,0.0868433755038,0.000260456533948,0.0431196129801,5.8983062538e-18,0.0,0.0,0.178117412198,0.160021368118,0.178484647945,0.0846555818516,7.86680696359e-05,0.0420756199812,1.87516705524e-17,0.0,0.0,geomproj1,PM,0.0479318885505
17742000000,17742000000,_qdot_,_qdot_,-7.17866170543e-05,6.96182867668e-05,-7.18572450551e-05,3.64249672158e-05,1.09220199391e-07,1.80858337033e-05,-0.0,-0.0,-0.0,7.47134299379e-05,6.71175110998e-05,7.48669373834e-05,3.55065311474e-05,3.31908503005e-08,1.76475761238e-05,-0.0,-0.0,-0.0,geomproj1,e,0.0479339699314,geomproj1,de*,0.0,geomproj1,J,-0.171150055851,0.165980431414,-0.171318443592,0.086842581935,0.000260397327425,0.04311933861,-1.19686122274e-17,0.0,0.0,0.178128016494,0.160018207358,0.178494001255,0.0846528926746,7.91319624156e-05,0.0420744668458,5.98273024549e-18,0.0,0.0,geomproj1,PM,0.0479339699314
17762000000,17762000000,_qdot_,_qdot_,-7.17851455226e-05,6.96163379628e-05,-7.18551403297e-05,3.64230609543e-05,1.09190611885e-07,1.80849373789e-05,-0.0,-0.0,-0.0,7.47146508367e-05,6.71132625676e-05,7.48676267031e-05,3.55038564302e-05,3.33841997256e-08,1.76463238143e-05,-0.0,-0.0,-0.0,geomproj1,e,0.0479360456879,geomproj1,de*,0.0,geomproj1,J,-0.171153955863,0.165982969711,-0.171320841199,0.0868417960508,0.000260338055054,0.0431190680383,-6.07363180609e-18,0.0,0.0,0.178138637994,0.160015004437,0.178503371178,0.0846501798132,7.95963817408e-05,0.0420733022865,-6.25220840204e-18,0.0,0.0,geomproj1,PM,0.0479360456879
17782000000,17782000000,_qdot_,_qdot_,-7.17836668814e-05,6.96143899143e-05,-7.18530279673e-05,3.64211577968e-05,1.09160997844e-07,1.80840424029e-05,-0.0,-0.0,-0.0,7.47158649809e-05,6.71090055214e-05,7.48683099943e-05,3.55011737495e-05,3.35774342884e-08,1.7645067799e-05,-0.0,-0.0,-0.0,geomproj1,e,0.0479381299681,geomproj1,de*,0.0,geomproj1,J,-0.171157866392,0.165985536342,-0.171323247961,0.086841031266,0.000260278755544,0.0431188074934,6.1678653182e-18,0.0,0.0,0.178149272548,0.160011806303,0.178512755836,0.0846474611478,8.0060580093e-05,0.0420721354596,1.21443607266e-17,0.0,0.0,geomproj1,PM,0.0479381299681
17802000000,17802000000,_qdot_,_qdot_,-7.17821896482e-05,6.96124408815e-05,-7.18509174163e-05,3.64192559384e-05,1.09131395467e-07,1.8083147964e-05,-0.0,-0.0,-0.0,7.47170738246e-05,6.71047526236e-05,7.48689884263e-05,3.54984925568e-05,3.37703083186e-08,1.76438127191e-05,-0.0,-0.0,-0.0,geomproj1,e,0.0479402149533,geomproj1,de*,0.0,geomproj1,J,-0.171161782113,0.165988102298,-0.171325660748,0.0868402702702,0.000260219480962,0.0431185485827,5.98599783984e-18,0.0,0.0,0.178159896943,0.160008619179,0.178522131281,0.0846447465327,8.052395981e-05,0.0420709711289,6.16176890975e-18,0.0,0.0,geomproj1,PM,0.0479402149533
17822000000,17822000000,_qdot_,_qdot_,-7.1780716165e-05,6.96104848911e-05,-7.18488110236e-05,3.64173443614e-05,1.09101810848e-07,1.80822490893e-05,-0.0,-0.0,-0.0,7.47182880488e-05,6.71005050185e-05,7.48696709758e-05,3.54958191839e-05,3.39637633161e-08,1.76425608532e-05,-0.0,-0.0,-0.0,geomproj1,e,0.0479422969149,geomproj1,de*,0.0,geomproj1,J,-0.171165696135,0.165990641237,-0.171328072669,0.0868394804629,0.000260160226884,0.0431182763063,-5.89806265734e-18,0.0,0.0,0.178170523662,0.160005434135,0.178531505907,0.0846420448988,8.0988759962e-05,0.0420698116624,-1.89384391644e-17,0.0,0.0,geomproj1,PM,0.0479422969149
17844000000,17842000000,_qdot_,_qdot_,-7.1779241302e-05,6.96085364146e-05,-7.18467032236e-05,3.64154421209e-05,1.09072221443e-07,1.80813545009e-05,-0.0,-0.0,-0.0,7.47194988235e-05,6.70962551153e-05,7.48703513495e-05,3.54931405709e-05,3.41567332733e-08,1.76413069711e-05,-0.0,-0.0,-0.0,geomproj1,e,0.0479443790435,geomproj1,de*,0.0,geomproj1,J,-0.171169607332,0.165993198436,-0.171330481568,0.0868387129148,0.000260100956441,0.0431180142589,-1.79582240623e-17,0.0,0.0,0.178181143206,0.160002243451,0.178540876288,0.0846393305962,8.14524438555e-05,0.0420686473178,-5.98291607174e-18,0.0,0.0,geomproj1,PM,0.0479443790435
17862000000,17862000000,_qdot_,_qdot_,-7.17777645437e-05,6.9606586387e-05,-7.18445931705e-05,3.64135367703e-05,1.09042621436e-07,1.80804585122e-05,-0.0,-0.0,-0.0,7.4720713066e-05,6.70920012557e-05,7.48710345783e-05,3.54904608846e-05,3.43500140163e-08,1.76400523642e-05,-0.0,-0.0,-0.0,geomproj1,e,0.0479464623882,geomproj1,de*,0.0,geomproj1,J,-0.171173517808,0.165995755513,-0.171332888767,0.0868379396381,0.000260041660825,0.0431177497208,-1.80496468195e-17,0.0,0.0,0.178191775544,0.159999046288,0.178550257899,0.0846366152088,8.19169108052e-05,0.0420674819937,1.24161215325e-17,0.0,0.0,geomproj1,PM,0.0479464623882
17882000000,17882000000,_qdot_,_qdot_,-7.17762996427e-05,6.9604625352e-05,-7.18424961297e-05,3.64116239242e-05,1.09013067226e-07,1.80795589187e-05,-0.0,-0.0,-0.0,7.47219188842e-05,6.70877662113e-05,7.48717093414e-05,3.54877943352e-05,3.45431715075e-08,1.76388039966e-05,-0.0,-0.0,-0.0,geomproj1,e,0.0479485421723,geomproj1,de*,0.0,geomproj1,J,-0.171177443832,0.165998273887,-0.171335314125,0.0868371417885,0.000259982449429,0.0431174732707,-6.07754573758e-18,0.0,0.0,0.178202375109,0.159995881505,0.178559606503,0.084633924454,8.23811178614e-05,0.042066328237,1.89153822242e-30,0.0,0.0,geomproj1,PM,0.0479485421723
17902000000,17902000000,_qdot_,_qdot_,-7.1774829828e-05,6.9602677803e-05,-7.18403937769e-05,3.64097186705e-05,1.0898349816e-07,1.80786630712e-05,-0.0,-0.0,-0.0,7.47231396403e-05,6.70835203663e-05,7.48723988945e-05,3.54851213408e-05,3.47365259433e-08,1.76375525852e-05,-0.0,-0.0,-0.0,geomproj1,e,0.0479506164003,geomproj1,de*,0.0,geomproj1,J,-0.171181340303,0.166000807017,-0.171337708833,0.0868363527578,0.000259923169873,0.0431172011528,-1.21521823519e-17,0.0,0.0,0.178212992297,0.1599926737,0.178568972231,0.084631209109,8.28458260744e-05,0.0420651626543,-1.79804229737e-19,0.0,0.0,geomproj1,PM,0.0479506164003
17922000000,17922000000,_qdot_,_qdot_,-7.17733520151e-05,6.96007242031e-05,-7.18382832315e-05,3.64078132029e-05,1.0895390781e-07,1.80777669024e-05,-0.0,-0.0,-0.0,7.47243438318e-05,6.7079269503e-05,7.4873072816e-05,3.54824421329e-05,3.4929541039e-08,1.76362983115e-05,-0.0,-0.0,-0.0,geomproj1,e,0.0479527050542,geomproj1,de*,0.0,geomproj1,J,-0.171185263958,0.166003370469,-0.171340130174,0.086835586444,0.000259863904139,0.0431169398125,-5.62310685403e-18,0.0,0.0,0.178223618709,0.15998949657,0.178578349395,0.0846285014128,8.33097874744e-05,0.0420640014287,1.22345193261e-17,0.0,0.0,geomproj1,PM,0.0479527050542
17942000000,17942000000,_qdot_,_qdot_,-7.17718821292e-05,6.95987769226e-05,-7.18361809473e-05,3.64059083386e-05,1.08924341952e-07,1.80768712313e-05,-0.0,-0.0,-0.0,7.47255640746e-05,6.70750237918e-05,7.48737619816e-05,3.54797690959e-05,3.51228861261e-08,1.76350469123e-05,-0.0,-0.0,-0.0,geomproj1,e,0.0479547795235,geomproj1,de*,0.0,geomproj1,J,-0.171189160299,0.166005904064,-0.171342524825,0.0868347978834,0.000259804620997,0.0431166679083,-1.17892133379e-17,0.0,0.0,0.17823423585,0.159986287935,0.178587715158,0.0846257851814,8.37745535554e-05,0.0420628355169,-1.21463601335e-17,0.0,0.0,geomproj1,PM,0.0479547795235
17962000000,17962000000,_qdot_,_qdot_,-7.17704051737e-05,6.95968303768e-05,-7.18340710685e-05,3.64040065624e-05,1.0889474969e-07,1.80759769009e-05,-0.0,-0.0,-0.0,7.47267775556e-05,6.70707696152e-05,7.48744451112e-05,3.54770881292e-05,3.53161163131e-08,1.76337918228e-05,-0.0,-0.0,-0.0,geomproj1,e,0.0479568624986,geomproj1,de*,0.0,geomproj1,J,-0.171193067182,0.166008465878,-0.17134492866,0.0868340303506,0.000259745310819,0.0431164059961,-2.72079090203e-19,0.0,0.0,0.178244865964,0.159983084126,0.178597095573,0.0846230631808,8.42390990822e-05,0.0420616673527,-1.23269401283e-17,0.0,0.0,geomproj1,PM,0.0479568624986
17981000000,17982000000,_qdot_,_qdot_,-7.17689297474e-05,6.95948826804e-05,-7.18319631249e-05,3.64021059723e-05,1.0886516935e-07,1.80750830531e-05,-0.0,-0.0,-0.0,7.47279856155e-05,6.70665197542e-05,7.48751232589e-05,3.54744087659e-05,3.55089872702e-08,1.76325377226e-05,-0.0,-0.0,-0.0,geomproj1,e,0.0479589461847,geomproj1,de*,0.0,geomproj1,J,-0.171196979561,0.166011026634,-0.17134733883,0.0868332663459,0.000259686026219,0.0431161455925,1.77753575037e-17,0.0,0.0,0.178255485641,0.159979891744,0.178606466493,0.0846203455144,8.47028287773e-05,0.0420605018177,1.23273644954e-17,0.0,0.0,geomproj1,PM,0.0479589461847
18002000000,18002000000,_qdot_,_qdot_,-7.17674579527e-05,6.95929282743e-05,-7.18298592164e-05,3.64001958362e-05,1.08835606446e-07,1.80741848525e-05,-0.0,-0.0,-0.0,7.47291992379e-05,6.70622749926e-05,7.48758057122e-05,3.547173708e-05,3.57024370605e-08,1.76312867714e-05,-0.0,-0.0,-0.0,geomproj1,e,0.0479610267925,geomproj1,de*,0.0,geomproj1,J,-0.171200889795,0.166013560796,-0.171349747679,0.0868324738489,0.000259626761159,0.0431158719753,5.89762493311e-18,0.0,0.0,0.178266107902,0.159976700833,0.178615836868,0.084617640417,8.51679739954e-05,0.0420593409551,6.16706341728e-18,0.0,0.0,geomproj1,PM,0.0479610267925
18024000000,18023000000,_qdot_,_qdot_,-7.17659087264e-05,6.95908850548e-05,-7.1827645928e-05,3.63981999425e-05,1.08804549352e-07,1.8073246249e-05,-0.0,-0.0,-0.0,7.47304723362e-05,6.70578114207e-05,7.48765222141e-05,3.54689239696e-05,3.59051763831e-08,1.76299699686e-05,-0.0,-0.0,-0.0,geomproj1,e,0.047963212574,geomproj1,de*,0.0,geomproj1,J,-0.171204990219,0.166016246524,-0.171352270692,0.0868316666747,0.000259564494315,0.0431155962795,-1.19728446969e-17,0.0,0.0,0.178277263013,0.159973337649,0.178625680087,0.0846147828273,8.56555080341e-05,0.0420581149128,-1.25122727647e-17,0.0,0.0,geomproj1,PM,0.047963212574
18043000000,18043000000,_qdot_,_qdot_,-7.17644448097e-05,6.95889256041e-05,-7.18255505193e-05,3.63962887571e-05,1.0877501207e-07,1.80723474244e-05,-0.0,-0.0,-0.0,7.47316771687e-05,6.70535781795e-05,7.48771964945e-05,3.54662582191e-05,3.60983107544e-08,1.76287220994e-05,-0.0,-0.0,-0.0,geomproj1,e,0.0479652917424,geomproj1,de*,0.0,geomproj1,J,-0.171208913577,0.16601876293,-0.171354693875,0.0868308683062,0.000259505270196,0.0431153195225,1.92689773083e-30,0.0,0.0,0.178287859563,0.159970167706,0.178635025987,0.0846120882622,8.61199802022e-05,0.0420569596322,-9.2105620656e-20,0.0,0.0,geomproj1,PM,0.0479652917424
18064000000,18064000000,_qdot_,_qdot_,-7.17628979538e-05,6.95868857789e-05,-7.18233397308e-05,3.63942929553e-05,1.08743963622e-07,1.80714089833e-05,-0.0,-0.0,-0.0,7.4732958789e-05,6.70491148391e-05,7.48779211176e-05,3.54634469027e-05,3.6301355669e-08,1.76274060297e-05,-0.0,-0.0,-0.0,geomproj1,e,0.047967471717,geomproj1,de*,0.0,geomproj1,J,-0.171213000045,0.166021437508,-0.171357202945,0.086830050891,0.00025944298209,0.0431150390424,-5.98650039171e-18,0.0,0.0,0.178299015806,0.159966785474,0.178644869107,0.0846092243944,8.6608319717e-05,0.0420557301255,1.26025314594e-17,0.0,0.0,geomproj1,PM,0.047967471717
18084000000,18084000000,_qdot_,_qdot_,-7.17614234614e-05,6.95849389486e-05,-7.18212331729e-05,3.63923931534e-05,1.08714395585e-07,1.80705155042e-05,-0.0,-0.0,-0.0,7.47341664907e-05,6.70448665817e-05,7.48785991904e-05,3.54607684996e-05,3.64942243258e-08,1.76261524483e-05,-0.0,-0.0,-0.0,geomproj1,e,0.0479695546669,geomproj1,de*,0.0,geomproj1,J,-0.171216910322,0.166023995582,-0.171359611422,0.0868292853516,0.000259383691429,0.0431147778755,5.98653943937e-18,0.0,0.0,0.178309633015,0.159963589843,0.178654237671,0.0846065048226,8.70722462331e-05,0.0420545638242,6.25705337119e-18,0.0,0.0,geomproj1,PM,0.0479695546669
18104000000,18104000000,_qdot_,_qdot_,-7.17599527065e-05,6.95829853145e-05,-7.18191307549e-05,3.63904837555e-05,1.08684845101e-07,1.80696176476e-05,-0.0,-0.0,-0.0,7.47353796659e-05,6.70406235419e-05,7.48792814825e-05,3.54580978395e-05,3.66876715002e-08,1.76249020487e-05,-0.0,-0.0,-0.0,geomproj1,e,0.047971634525,geomproj1,de*,0.0,geomproj1,J,-0.171220818666,0.166026526794,-0.171362018785,0.0868284911746,0.000259324420557,0.043114503423,1.19731544711e-17,0.0,0.0,0.178320252551,0.159960395928,0.178663605437,0.0846037979602,8.75375876418e-05,0.042053402265,8.60253953912e-20,0.0,0.0,geomproj1,PM,0.047971634525
18124000000,18124000000,_qdot_,_qdot_,-7.17584803982e-05,6.95810392512e-05,-7.18170267517e-05,3.63885837253e-05,1.08655289491e-07,1.80687240926e-05,-0.0,-0.0,-0.0,7.47365894317e-05,6.70363780155e-05,7.48799616335e-05,3.54554218254e-05,3.68806335663e-08,1.76236495769e-05,-0.0,-0.0,-0.0,geomproj1,e,0.0479737146477,geomproj1,de*,0.0,geomproj1,J,-0.17122472409,0.166029076725,-0.171364423024,0.0868277195087,0.000259265132996,0.0431142393239,1.92676812095e-30,0.0,0.0,0.17833086534,0.159957196223,0.178672969375,0.0846010783096,8.8001812073e-05,0.0420522357707,1.26077744611e-17,0.0,0.0,geomproj1,PM,0.0479737146477
18144000000,18144000000,_qdot_,_qdot_,-7.17570072598e-05,6.957909151e-05,-7.18149216543e-05,3.63866801646e-05,1.0862572731e-07,1.80678289518e-05,-0.0,-0.0,-0.0,7.47378033692e-05,6.70321298437e-05,7.48806452926e-05,3.54527458662e-05,3.70739308159e-08,1.7622396897e-05,-0.0,-0.0,-0.0,geomproj1,e,0.0479757948516,geomproj1,de*,0.0,geomproj1,J,-0.171228627601,0.16603162261,-0.171366824589,0.0868269392141,0.000259205824207,0.0431139713498,-6.0792073688e-18,0.0,0.0,0.17834148872,0.159953989674,0.178682342212,0.0845983584205,8.84668764179e-05,0.0420510686124,-2.74480690471e-19,0.0,0.0,geomproj1,PM,0.0479757948516
18164000000,18164000000,_qdot_,_qdot_,-7.17555444714e-05,6.95771330966e-05,-7.18128279084e-05,3.63847699237e-05,1.08596204601e-07,1.80669305691e-05,-0.0,-0.0,-0.0,7.47390077853e-05,6.70278985182e-05,7.48813194946e-05,3.54500812597e-05,3.72670622282e-08,1.7621149646e-05,-0.0,-0.0,-0.0,geomproj1,e,0.0479778731258,geomproj1,de*,0.0,geomproj1,J,-0.171232548456,0.166034135789,-0.171369245752,0.0868261390101,0.000259146592831,0.0431136936792,1.852812027e-19,0.0,0.0,0.178352082288,0.159950815863,0.178691685266,0.0845956615866,8.89315813268e-05,0.0420499124192,-6.44353702045e-18,0.0,0.0,geomproj1,PM,0.0479778731258
18184000000,18184000000,_qdot_,_qdot_,-7.1754076933e-05,6.95751876258e-05,-7.18107290515e-05,3.638286673e-05,1.08566668317e-07,1.80660356786e-05,-0.0,-0.0,-0.0,7.47402270608e-05,6.70236568276e-05,7.4882008352e-05,3.5447410683e-05,3.74604053933e-08,1.76198995594e-05,-0.0,-0.0,-0.0,geomproj1,e,0.0479799458515,geomproj1,de*,0.0,geomproj1,J,-0.171236440137,0.166036662447,-0.171371636735,0.0868253463373,0.000259087296426,0.0431134197417,-1.20630083888e-17,0.0,0.0,0.178362693299,0.159947600062,0.178701045134,0.0845929412918,8.93968223106e-05,0.0420487448949,1.82277799777e-19,0.0,0.0,geomproj1,PM,0.0479799458515
18205000000,18204000000,_qdot_,_qdot_,-7.17526022552e-05,6.95732433077e-05,-7.18086225169e-05,3.63809669639e-05,1.0853710517e-07,1.80651422891e-05,-0.0,-0.0,-0.0,7.47414398062e-05,6.70194064365e-05,7.48826914297e-05,3.54447319442e-05,3.76536276651e-08,1.76186456834e-05,-0.0,-0.0,-0.0,geomproj1,e,0.0479820269446,geomproj1,de*,0.0,geomproj1,J,-0.171240341755,0.166039217904,-0.171374036262,0.0868245752834,0.000259027971087,0.0431131560698,5.80431479141e-18,0.0,0.0,0.178373317391,0.159944388102,0.178710419817,0.0845902144422,8.98618289377e-05,0.0420475747676,6.16285705655e-18,0.0,0.0,geomproj1,PM,0.0479820269446
18225000000,18224000000,_qdot_,_qdot_,-7.175112903e-05,6.95712976677e-05,-7.18065178333e-05,3.6379068303e-05,1.08507553646e-07,1.80642493415e-05,-0.0,-0.0,-0.0,7.47426469039e-05,6.70151603206e-05,7.48833693e-05,3.54420547665e-05,3.78464893093e-08,1.76173927758e-05,-0.0,-0.0,-0.0,geomproj1,e,0.0479841089549,geomproj1,de*,0.0,geomproj1,J,-0.171244249354,0.166041772537,-0.171376442591,0.0868238079033,0.000258968671636,0.0431128939775,-1.17878008011e-17,0.0,0.0,0.178383931191,0.159941188098,0.178719785155,0.0845874921565,9.03260163298e-05,0.042046407384,1.86877531641e-17,0.0,0.0,geomproj1,PM,0.0479841089549
18244000000,18244000000,_qdot_,_qdot_,-7.17496626857e-05,6.95693524287e-05,-7.18044203601e-05,3.63771653109e-05,1.08478023435e-07,1.8063354544e-05,-0.0,-0.0,-0.0,7.47438665898e-05,6.70109196302e-05,7.48840586282e-05,3.54393848464e-05,3.80398363273e-08,1.76161430327e-05,-0.0,-0.0,-0.0,geomproj1,e,0.0479861807753,geomproj1,de*,0.0,geomproj1,J,-0.171248139836,0.1660442955,-0.171378832435,0.0868230129428,0.000258909366693,0.043112618918,-5.70785864148e-18,0.0,0.0,0.178394540665,0.159937969125,0.178729143294,0.0845847702235,9.07913844732e-05,0.0420452391345,6.07346814312e-18,0.0,0.0,geomproj1,PM,0.0479861807753
18264000000,18264000000,_qdot_,_qdot_,-7.17481935565e-05,6.95674138628e-05,-7.18023202588e-05,3.63752652286e-05,1.08448493952e-07,1.80624612404e-05,-0.0,-0.0,-0.0,7.47450950354e-05,6.70066741704e-05,7.48847564986e-05,3.54367130908e-05,3.82333918091e-08,1.7614892235e-05,-0.0,-0.0,-0.0,geomproj1,e,0.0479882493419,geomproj1,de*,0.0,geomproj1,J,-0.171252012505,0.166046823456,-0.171381204701,0.0868222190276,0.000258850040982,0.043112344505,-5.89061025215e-18,0.0,0.0,0.178405159979,0.159934727749,0.178738510625,0.0845820379936,9.12572842277e-05,0.0420440654429,6.07359147128e-18,0.0,0.0,geomproj1,PM,0.0479882493419
18284000000,18284000000,_qdot_,_qdot_,-7.17467265338e-05,6.9565462405e-05,-7.1800222722e-05,3.63733593879e-05,1.08418976423e-07,1.80615649973e-05,-0.0,-0.0,-0.0,7.47463043567e-05,6.70024380901e-05,7.48854358814e-05,3.54340456191e-05,3.84265147698e-08,1.76136436921e-05,-0.0,-0.0,-0.0,geomproj1,e,0.0479903267864,geomproj1,de*,0.0,geomproj1,J,-0.171255918454,0.166049347927,-0.171383611232,0.0868214254526,0.000258790780879,0.0431120700799,-5.99010759438e-18,0.0,0.0,0.178415763646,0.159931534554,0.178747863774,0.0845793295415,9.17222066818e-05,0.0420429038862,-1.25233084647e-17,0.0,0.0,geomproj1,PM,0.0479903267864
18304000000,18304000000,_qdot_,_qdot_,-7.17452527903e-05,6.95635187002e-05,-7.17981175681e-05,3.63714602282e-05,1.08389425441e-07,1.80606718896e-05,-0.0,-0.0,-0.0,7.47475165668e-05,6.69981893694e-05,7.48861186932e-05,3.54313679088e-05,3.8619736584e-08,1.7612390362e-05,-0.0,-0.0,-0.0,geomproj1,e,0.0479924072783,geomproj1,de*,0.0,geomproj1,J,-0.171259818438,0.166051900568,-0.171386009537,0.0868206526949,0.00025873145051,0.0431118055676,-6.17029037903e-18,0.0,0.0,0.178426385274,0.159928320005,0.178757236084,0.0845766012257,9.21874105711e-05,0.0420417331927,1.89028267328e-30,0.0,0.0,geomproj1,PM,0.0479924072783
18325000000,18324000000,_qdot_,_qdot_,-7.17437805746e-05,6.95615738407e-05,-7.17960143462e-05,3.63695622485e-05,1.08359886361e-07,1.80597792618e-05,-0.0,-0.0,-0.0,7.47487233604e-05,6.69939449617e-05,7.48867965266e-05,3.54286918022e-05,3.88125992416e-08,1.76111380208e-05,-0.0,-0.0,-0.0,geomproj1,e,0.0479944884841,geomproj1,de*,0.0,geomproj1,J,-0.171263723931,0.16605445215,-0.171388414186,0.0868198834595,0.000258672145716,0.0431115425614,5.89364672459e-18,0.0,0.0,0.17843699648,0.159925116897,0.178766598912,0.0845738772541,9.26517982233e-05,0.0420405651327,-6.35081945728e-18,0.0,0.0,geomproj1,PM,0.0479944884841
18344000000,18344000000,_qdot_,_qdot_,-7.17423121085e-05,6.95596221722e-05,-7.17939152766e-05,3.63676546727e-05,1.08330364827e-07,1.80588822562e-05,-0.0,-0.0,-0.0,7.47499356168e-05,6.69897057873e-05,7.48874785702e-05,3.54260234467e-05,3.90060404345e-08,1.76098888655e-05,-0.0,-0.0,-0.0,geomproj1,e,0.0479965665926,geomproj1,de*,0.0,geomproj1,J,-0.171267627504,0.16605697683,-0.171390817738,0.0868190855666,0.000258612860743,0.0431112662598,1.16937541563e-17,0.0,0.0,0.178447609966,0.159921915536,0.178775960902,0.084571166015,9.31176011369e-05,0.0420394018254,-2.77121629319e-19,0.0,0.0,geomproj1,PM,0.0479965665926
18364000000,18364000000,_qdot_,_qdot_,-7.17408420892e-05,6.95576780992e-05,-7.17918146241e-05,3.63657564697e-05,1.08300838246e-07,1.80579895554e-05,-0.0,-0.0,-0.0,7.47511445081e-05,6.69854641255e-05,7.48881585148e-05,3.54233497455e-05,3.91989971184e-08,1.76086376409e-05,-0.0,-0.0,-0.0,geomproj1,e,0.0479986449376,geomproj1,de*,0.0,geomproj1,J,-0.171271528068,0.166059520212,-0.17139321808,0.086818310164,0.000258553559134,0.0431110003022,1.20644778655e-17,0.0,0.0,0.178458216713,0.159918708298,0.178785319067,0.0845684419574,9.3582287853e-05,0.0420382335659,-1.8506404053e-17,0.0,0.0,geomproj1,PM,0.0479986449376
18384000000,18384000000,_qdot_,_qdot_,-7.17393712291e-05,6.95557323177e-05,-7.17897128638e-05,3.63638547316e-05,1.08271304976e-07,1.80570952656e-05,-0.0,-0.0,-0.0,7.47523575118e-05,6.69812198059e-05,7.48888419106e-05,3.54206760788e-05,3.93922880624e-08,1.76073861999e-05,-0.0,-0.0,-0.0,geomproj1,e,0.0480007234073,geomproj1,de*,0.0,geomproj1,J,-0.171275426834,0.16606205961,-0.171395615857,0.0868175261891,0.000258494236233,0.0431107304958,6.07752976517e-18,0.0,0.0,0.178468834063,0.159915494317,0.178794686147,0.0845657176832,9.40478127457e-05,0.0420370646571,2.80848053204e-19,0.0,0.0,geomproj1,PM,0.0480007234073
18404000000,18404000000,_qdot_,_qdot_,-7.17379107249e-05,6.95537758538e-05,-7.17876224585e-05,3.63619463018e-05,1.08241811135e-07,1.80561977287e-05,-0.0,-0.0,-0.0,7.47535609975e-05,6.69769923412e-05,7.48895158518e-05,3.54180137738e-05,3.95854132787e-08,1.76061401916e-05,-0.0,-0.0,-0.0,geomproj1,e,0.0480027999466,geomproj1,de*,0.0,geomproj1,J,-0.171279342972,0.166064566267,-0.171398033257,0.0868167222715,0.000258434990732,0.0431104509774,9.37035572991e-20,0.0,0.0,0.178479421593,0.15991231312,0.178804023437,0.0845630165032,9.45129779933e-05,0.0420359067307,1.26174312487e-17,0.0,0.0,geomproj1,PM,0.0480027999466
18424000000,18424000000,_qdot_,_qdot_,-7.17364453822e-05,6.9551832565e-05,-7.1785526844e-05,3.63600451228e-05,1.08212303314e-07,1.80553037793e-05,-0.0,-0.0,-0.0,7.47547794342e-05,6.69727543228e-05,7.48902045556e-05,3.54153453221e-05,3.97787467461e-08,1.76048912709e-05,-0.0,-0.0,-0.0,geomproj1,e,0.048004870905,geomproj1,de*,0.0,geomproj1,J,-0.17128322963,0.166067086889,-0.171400420149,0.086815926339,0.000258375679177,0.0431101754039,-5.89339454875e-18,0.0,0.0,0.178490026702,0.159909089397,0.178813377713,0.084560291396,9.49786705628e-05,0.0420347372679,-6.17157149766e-18,0.0,0.0,geomproj1,PM,0.048004870905
18444000000,18444000000,_qdot_,_qdot_,-7.17349729796e-05,6.95498899924e-05,-7.17834236495e-05,3.63581470147e-05,1.08182769238e-07,1.80544111628e-05,-0.0,-0.0,-0.0,7.47559910992e-05,6.69685078668e-05,7.48908872125e-05,3.5412668964e-05,3.99719651752e-08,1.76036386702e-05,-0.0,-0.0,-0.0,geomproj1,e,0.0480069503784,geomproj1,de*,0.0,geomproj1,J,-0.171287126853,0.166069635701,-0.171402816254,0.0868151513995,0.000258316340665,0.0431099098062,6.08110634407e-18,0.0,0.0,0.178500644784,0.159905870536,0.178822746637,0.0845575605468,9.54441437023e-05,0.042033565564,-6.26246526967e-18,0.0,0.0,geomproj1,PM,0.0480069503784
18464000000,18464000000,_qdot_,_qdot_,-7.17335021096e-05,6.95479462531e-05,-7.17813223903e-05,3.63562500819e-05,1.08153247046e-07,1.80535190236e-05,-0.0,-0.0,-0.0,7.47571973323e-05,6.69642657281e-05,7.4891564876e-05,3.54099942093e-05,4.01648241898e-08,1.76023870584e-05,-0.0,-0.0,-0.0,geomproj1,e,0.048009030574,geomproj1,de*,0.0,geomproj1,J,-0.171291029626,0.166072183453,-0.171405218741,0.0868143799858,0.000258257027735,0.0431096457161,9.39702851988e-20,0.0,0.0,0.178511252433,0.159902663154,0.178832106068,0.0845548340563,9.59087997641e-05,0.0420323965015,-6.07802977529e-18,0.0,0.0,geomproj1,PM,0.048009030574
18484000000,18484000000,_qdot_,_qdot_,-7.17320377617e-05,6.95460081707e-05,-7.17792281525e-05,3.63543494321e-05,1.08123751502e-07,1.805262549e-05,-0.0,-0.0,-0.0,7.47584275672e-05,6.69600266241e-05,7.48922647688e-05,3.54073275248e-05,4.03584860848e-08,1.76011387308e-05,-0.0,-0.0,-0.0,geomproj1,e,0.0480110947886,geomproj1,de*,0.0,geomproj1,J,-0.171294895407,0.166074693642,-0.171407585264,0.0868135728172,0.000258197693561,0.0431093649592,-5.79918231284e-18,0.0,0.0,0.17852186318,0.159899413357,0.178841464158,0.0845521004873,9.63753835578e-05,0.0420312221987,-1.23412204759e-17,0.0,0.0,geomproj1,PM,0.0480110947886
18504000000,18504000000,_qdot_,_qdot_,-7.17305711436e-05,6.95440664303e-05,-7.17771314317e-05,3.63524507248e-05,1.08094244829e-07,1.80517326577e-05,-0.0,-0.0,-0.0,7.47596435862e-05,6.69557871876e-05,7.48929515452e-05,3.54046570286e-05,4.05517125978e-08,1.75998889554e-05,-0.0,-0.0,-0.0,geomproj1,e,0.0480131675064,geomproj1,de*,0.0,geomproj1,J,-0.171298783252,0.166077221636,-0.171409973231,0.0868127839791,0.000258138368627,0.0431090926862,-1.16954395906e-17,0.0,0.0,0.17853246919,0.159896187833,0.17885082008,0.0845493709831,9.68409830849e-05,0.0420300510002,9.4147765887e-20,0.0,0.0,geomproj1,PM,0.0480131675064
18524000000,18524000000,_qdot_,_qdot_,-7.17291007723e-05,6.95421233214e-05,-7.17750309319e-05,3.63505543431e-05,1.08064729656e-07,1.80508407773e-05,-0.0,-0.0,-0.0,7.4760849698e-05,6.69515458916e-05,7.48936292568e-05,3.54019827605e-05,4.07445688595e-08,1.75986376135e-05,-0.0,-0.0,-0.0,geomproj1,e,0.048015247238,geomproj1,de*,0.0,geomproj1,J,-0.17130268458,0.166079768018,-0.171412374505,0.0868120118321,0.000258079051587,0.0431088282273,6.08161353896e-18,0.0,0.0,0.178543075501,0.159892978227,0.178860178247,0.0845466431484,9.73057511184e-05,0.0420288813842,-1.23420714557e-17,0.0,0.0,geomproj1,PM,0.048015247238
18544000000,18544000000,_qdot_,_qdot_,-7.17276341365e-05,6.95401732866e-05,-7.17729345758e-05,3.6348648271e-05,1.08035232119e-07,1.80499444745e-05,-0.0,-0.0,-0.0,7.47620611984e-05,6.6947309873e-05,7.48943110986e-05,3.53993162983e-05,4.093800597e-08,1.75973894799e-05,-0.0,-0.0,-0.0,geomproj1,e,0.0480173239373,geomproj1,de*,0.0,geomproj1,J,-0.171306584157,0.166082287403,-0.171414774865,0.086811210895,0.000258019754948,0.0431085504124,6.2639682343e-18,0.0,0.0,0.178553684122,0.159889770671,0.178869535592,0.0845439282859,9.77719403315e-05,0.0420277166278,1.88650101268e-19,0.0,0.0,geomproj1,PM,0.0480173239373
18564000000,18564000000,_qdot_,_qdot_,-7.17261661016e-05,6.95382307446e-05,-7.17708367906e-05,3.63467515145e-05,1.08005729781e-07,1.80490524481e-05,-0.0,-0.0,-0.0,7.47632692443e-05,6.69430715335e-05,7.48949907547e-05,3.53966445851e-05,4.11309581625e-08,1.75961393241e-05,-0.0,-0.0,-0.0,geomproj1,e,0.0480194008264,geomproj1,de*,0.0,geomproj1,J,-0.171310480946,0.166084825112,-0.171417172236,0.0868104322478,0.000257960442043,0.0431082828421,1.1786077286e-17,0.0,0.0,0.178564285636,0.159886557496,0.178878888751,0.0845412007545,9.82370117844e-05,0.0420265469943,6.5442976735e-18,0.0,0.0,geomproj1,PM,0.0480194008264
18584000000,18584000000,_qdot_,_qdot_,-7.17246961839e-05,6.95362866541e-05,-7.17687367696e-05,3.63448516531e-05,1.07976216913e-07,1.80481590238e-05,-0.0,-0.0,-0.0,7.47644807491e-05,6.69388292607e-05,7.48956732595e-05,3.53939718128e-05,4.13242211261e-08,1.75948884505e-05,-0.0,-0.0,-0.0,geomproj1,e,0.0480214789212,geomproj1,de*,0.0,geomproj1,J,-0.171314376992,0.166087362656,-0.171419567894,0.0868096478494,0.000257901104006,0.0431080127699,6.17328160288e-18,0.0,0.0,0.17857489989,0.159883337839,0.178888253092,0.0845384721442,9.87028676811e-05,0.0420253763838,1.89005889979e-19,0.0,0.0,geomproj1,PM,0.0480214789212
18604000000,18604000000,_qdot_,_qdot_,-7.1723238105e-05,6.95343315969e-05,-7.17666497318e-05,3.634294432e-05,1.07946749556e-07,1.80472620063e-05,-0.0,-0.0,-0.0,7.47656838788e-05,6.69346057648e-05,7.4896347349e-05,3.5391312152e-05,4.1517360341e-08,1.75936438036e-05,-0.0,-0.0,-0.0,geomproj1,e,0.0480235534444,geomproj1,de*,0.0,geomproj1,J,-0.171318288566,0.166089861536,-0.171421981676,0.0868088389045,0.00025784184985,0.0431077307984,-2.837715599e-19,0.0,0.0,0.178585481414,0.15988015054,0.178897584475,0.084535768158,9.91684607015e-05,0.0420242173348,-6.17349398234e-18,0.0,0.0,geomproj1,PM,0.0480235534444
18624000000,18624000000,_qdot_,_qdot_,-7.17217751128e-05,6.95323899936e-05,-7.1764557387e-05,3.63410445596e-05,1.07917267425e-07,1.80463687252e-05,-0.0,-0.0,-0.0,7.47669019118e-05,6.69303714715e-05,7.48970361913e-05,3.53886460494e-05,4.17106978376e-08,1.75923961153e-05,-0.0,-0.0,-0.0,geomproj1,e,0.0480256224104,geomproj1,de*,0.0,geomproj1,J,-0.171322170578,0.16609237516,-0.171424364815,0.0868080387753,0.000257782527956,0.0431074531575,1.86141309548e-19,0.0,0.0,0.178596080517,0.159876920225,0.178906932936,0.084533039589,9.96345569893e-05,0.0420230464653,-9.14621868201e-20,0.0,0.0,geomproj1,PM,0.0480256224104
18654000000,18644000000,_qdot_,_qdot_,-7.17203041339e-05,6.95304423369e-05,-7.17624568639e-05,3.63391445818e-05,1.07887764173e-07,1.80454751213e-05,-0.0,-0.0,-0.0,7.47681033815e-05,6.69261321852e-05,7.48977094041e-05,3.53859737501e-05,4.19036943384e-08,1.75911455716e-05,-0.0,-0.0,-0.0,geomproj1,e,0.0480277058267,geomproj1,de*,0.0,geomproj1,J,-0.171326079821,0.166094919112,-0.171426774625,0.0868072613525,0.000257723219659,0.0431071862894,5.79484931621e-18,0.0,0.0,0.178606688896,0.159873720606,0.178916292879,0.0845303186657,0.000100099905706,0.0420218799506,1.86068736957e-17,0.0,0.0,geomproj1,PM,0.0480277058267
18664000000,18664000000,_qdot_,_qdot_,-7.17188410687e-05,6.95285010018e-05,-7.17603645855e-05,3.63372452092e-05,1.0785828523e-07,1.80445820159e-05,-0.0,-0.0,-0.0,7.47693209032e-05,6.69218980238e-05,7.48983978607e-05,3.53833076046e-05,4.20970224786e-08,1.75898978952e-05,-0.0,-0.0,-0.0,geomproj1,e,0.0480297750336,geomproj1,de*,0.0,geomproj1,J,-0.1713299617,0.166097433201,-0.171429157705,0.0868064616939,0.000257663894201,0.0431069088624,-1.17855701692e-17,0.0,0.0,0.178617287951,0.159870489462,0.178925641374,0.0845275892132,0.00010056605965,0.0420207087534,-1.2250191113e-17,0.0,0.0,geomproj1,PM,0.0480297750336
18684000000,18684000000,_qdot_,_qdot_,-7.17173709427e-05,6.95265603878e-05,-7.17582647264e-05,3.63353489148e-05,1.07828780045e-07,1.80436902465e-05,-0.0,-0.0,-0.0,7.47705316494e-05,6.69176554212e-05,7.48990802673e-05,3.53806335463e-05,4.22902349133e-08,1.75886465359e-05,-0.0,-0.0,-0.0,geomproj1,e,0.0480318527625,geomproj1,de*,0.0,geomproj1,J,-0.171333854151,0.166099975508,-0.171431550002,0.0868056830537,0.000257604541698,0.0431066414231,1.19753600252e-17,0.0,0.0,0.178627899991,0.159867263166,0.178935004531,0.0845248539942,0.000101031993301,0.0420195353048,-1.27188103356e-17,0.0,0.0,geomproj1,PM,0.0480318527625
18704000000,18704000000,_qdot_,_qdot_,-7.17159023348e-05,6.95246186247e-05,-7.17561667866e-05,3.63334538031e-05,1.07799286709e-07,1.80427989583e-05,-0.0,-0.0,-0.0,7.47717369883e-05,6.69134171145e-05,7.4899757704e-05,3.53779610801e-05,4.24830880376e-08,1.758739616e-05,-0.0,-0.0,-0.0,geomproj1,e,0.0480339312116,geomproj1,de*,0.0,geomproj1,J,-0.171337752114,0.166102516791,-0.17143394864,0.0868049079564,0.0002575452147,0.0431063755001,-1.90070095952e-19,0.0,0.0,0.178638501646,0.159864048299,0.17894435824,0.0845221231066,0.00010149710971,0.0420183644841,1.23458989801e-17,0.0,0.0,geomproj1,PM,0.0480339312116
18724000000,18724000000,_qdot_,_qdot_,-7.17144454698e-05,6.95226825563e-05,-7.17540815248e-05,3.63315536493e-05,1.07769840482e-07,1.80419057208e-05,-0.0,-0.0,-0.0,7.47729707762e-05,6.69091880446e-05,7.49004613908e-05,3.53753021424e-05,4.26767588963e-08,1.75861516568e-05,-0.0,-0.0,-0.0,geomproj1,e,0.0480359874586,geomproj1,de*,0.0,geomproj1,J,-0.171341605254,0.16610500092,-0.171436304519,0.0868040836521,0.000257485885098,0.0431060864767,1.21593021141e-17,0.0,0.0,0.178649095847,0.159860786912,0.178953699005,0.0845193881889,0.000101964176512,0.0420171896383,6.17154802514e-18,0.0,0.0,geomproj1,PM,0.0480359874586
18744000000,18744000000,_qdot_,_qdot_,-7.17129759278e-05,6.95207427193e-05,-7.1751982502e-05,3.6329658072e-05,1.0774034218e-07,1.80410142862e-05,-0.0,-0.0,-0.0,7.47741814117e-05,6.69049462781e-05,7.49011438794e-05,3.53726284986e-05,4.28699655311e-08,1.75849005402e-05,-0.0,-0.0,-0.0,geomproj1,e,0.0480380646314,geomproj1,de*,0.0,geomproj1,J,-0.171345496168,0.166107541921,-0.171438695491,0.0868033045265,0.000257426527757,0.0431058187763,-1.16899464538e-17,0.0,0.0,0.178659706264,0.159857558103,0.178963060667,0.0845166513096,0.00010243021461,0.0420160154999,-9.52127667514e-20,0.0,0.0,geomproj1,PM,0.0480380646314
18764000000,18764000000,_qdot_,_qdot_,-7.17115078208e-05,6.95188015185e-05,-7.17498853274e-05,3.63277634555e-05,1.07710855952e-07,1.80401232304e-05,-0.0,-0.0,-0.0,7.47753865881e-05,6.69007088506e-05,7.49018213197e-05,3.53699565579e-05,4.30628172681e-08,1.75836504505e-05,-0.0,-0.0,-0.0,geomproj1,e,0.0480401426452,geomproj1,de*,0.0,geomproj1,J,-0.171349392782,0.166110081758,-0.171441093021,0.0868025286093,0.000257367197041,0.0431055524444,-6.07990087387e-18,0.0,0.0,0.17867030657,0.159854341187,0.178972413095,0.0845139192172,0.000102895446137,0.0420148441881,6.26727270848e-18,0.0,0.0,geomproj1,PM,0.0480401426452
18784000000,18784000000,_qdot_,_qdot_,-7.17100434771e-05,6.95168535151e-05,-7.17477923207e-05,3.63258592463e-05,1.07681387269e-07,1.80392277984e-05,-0.0,-0.0,-0.0,7.47765972345e-05,6.68964766784e-05,7.49025029792e-05,3.53672923852e-05,4.32562478657e-08,1.75824035548e-05,-0.0,-0.0,-0.0,geomproj1,e,0.0480422175405,geomproj1,de*,0.0,geomproj1,J,-0.171353287442,0.166112594622,-0.17144348943,0.0868017239874,0.00025730788618,0.0431052727943,1.20678939656e-17,0.0,0.0,0.178680909097,0.159851126026,0.178981764629,0.0845111998863,0.000103362094273,0.0420136776407,-1.26273033705e-17,0.0,0.0,geomproj1,PM,0.0480422175405
18804000000,18804000000,_qdot_,_qdot_,-7.17085776906e-05,6.95149129703e-05,-7.17456978391e-05,3.63239643269e-05,1.07651913696e-07,1.80383366306e-05,-0.0,-0.0,-0.0,7.47778044007e-05,6.68922421458e-05,7.49031824235e-05,3.53646229411e-05,4.34491938629e-08,1.75811546258e-05,-0.0,-0.0,-0.0,geomproj1,e,0.0480442926794,geomproj1,de*,0.0,geomproj1,J,-0.171357179388,0.166115125912,-0.171445882918,0.0868009416964,0.00025724855911,0.0431050034099,1.17880903039e-17,0.0,0.0,0.178691504638,0.159847905316,0.178991112091,0.0845084679194,0.000103827624906,0.0420125062314,1.24402673269e-17,0.0,0.0,geomproj1,PM,0.0480442926794
18824000000,18824000000,_qdot_,_qdot_,-7.17071109237e-05,6.95129708382e-05,-7.17436021104e-05,3.63220659521e-05,1.07622433181e-07,1.80374439125e-05,-0.0,-0.0,-0.0,7.47790157598e-05,6.68880047959e-05,7.49038654004e-05,3.53619534295e-05,4.36424736064e-08,1.7579905432e-05,-0.0,-0.0,-0.0,geomproj1,e,0.0480463679758,geomproj1,de*,0.0,geomproj1,J,-0.171361069304,0.166117653603,-0.171448273609,0.0868001510685,0.000257189210294,0.0431047302915,1.92563962319e-30,0.0,0.0,0.178702111088,0.159844677575,0.179000468777,0.084505735544,0.000104293993272,0.0420113340822,6.08027504271e-18,0.0,0.0,geomproj1,PM,0.0480463679758
18844000000,18844000000,_qdot_,_qdot_,-7.17056545165e-05,6.95110180792e-05,-7.17415177383e-05,3.63201609092e-05,1.07592992061e-07,1.80365479593e-05,-0.0,-0.0,-0.0,7.47802176821e-05,6.68837842955e-05,7.49045390035e-05,3.53592952854e-05,4.38355880694e-08,1.7578661672e-05,-0.0,-0.0,-0.0,geomproj1,e,0.0480484412924,geomproj1,de*,0.0,geomproj1,J,-0.171364976467,0.16612014851,-0.171450683796,0.0867993404627,0.000257129938732,0.0431044474447,1.1972725732e-17,0.0,0.0,0.178712687719,0.159841482504,0.179009795673,0.0845030262303,0.000104760002103,0.0420101728944,-6.08039966436e-18,0.0,0.0,geomproj1,PM,0.0480484412924
